dataset,algorithm,avg,max,min,recall,ivf_nprobe,epsilon,knn,n_queries,selectivity,num_measure_runs,avg_all,max_all,min_all,false_pruning_rate
glove-200-angular,pdx-bsa-dz,68.4348,73.9727,61.9933,0.99987,512,16,10,10000,0.2,1,67.12,78.05,17.03,0
glove-200-angular,pdx-bsa-dz,45.6888,52.3736,38.6374,0.99841,256,16,10,10000,0.2,1,44.96,56.57,9.516,0
glove-200-angular,pdx-bsa-dz,41.348,47.5115,34.5412,0.99619,224,16,10,10000,0.2,1,40.71,51.17,8.307,0
glove-200-angular,pdx-bsa-dz,36.3941,42.4193,29.9286,0.992371,192,16,10,10000,0.2,1,35.83,46.37,7.782,0
glove-200-angular,pdx-bsa-dz,31.2095,36.9263,25.0921,0.98358,160,16,10,10000,0.2,1,30.73,41.42,6.995,0
glove-200-angular,pdx-bsa-dz,28.4481,33.852,22.5647,0.975069,144,16,10,10000,0.2,1,28.02,39.54,6.057,0
glove-200-angular,pdx-bsa-dz,25.6325,30.3096,20.1259,0.962407,128,16,10,10000,0.2,1,25.23,34.96,5.208,0
glove-200-angular,pdx-bsa-dz,22.7214,27.3158,17.5458,0.945346,112,16,10,10000,0.2,1,22.35,32.24,4.512,0
glove-200-angular,pdx-bsa-dz,19.721,24.196,14.9218,0.918545,96,16,10,10000,0.2,1,19.4,28.93,3.891,0
glove-200-angular,pdx-bsa-dz,16.6066,20.9987,12.1294,0.883222,80,16,10,10000,0.2,1,16.34,24.79,3.401,0
glove-200-angular,pdx-bsa-dz,13.4418,17.4985,9.2869,0.83598,64,16,10,10000,0.2,1,13.22,21.47,2.457,0
glove-200-angular,pdx-bsa-dz,11.8469,15.5325,7.86185,0.805939,56,16,10,10000,0.2,1,11.65,21.22,2.207,0
glove-200-angular,pdx-bsa-dz,10.1868,13.7889,6.29634,0.76994,48,16,10,10000,0.2,1,10.03,18.59,1.934,0
glove-200-angular,pdx-bsa-dz,8.52276,11.9304,4.81193,0.729873,40,16,10,10000,0.2,1,8.406,17.3,1.537,0
glove-200-angular,pdx-bsa-dz,6.91998,10.38,3.42153,0.683546,32,16,10,10000,0.2,1,6.841,14.92,1.251,0
glove-200-angular,pdx-bsa-dz,5.99586,9.16001,2.73131,0.655077,28,16,10,10000,0.2,1,5.932,14.07,0.9958,0
glove-200-angular,pdx-bsa-dz,5.56617,8.68807,2.38259,0.639737,26,16,10,10000,0.2,1,5.514,13.28,0.9212,0
glove-200-angular,pdx-bsa-dz,5.14183,8.16729,2.10137,0.624049,24,16,10,10000,0.2,1,5.099,13.13,0.8512,0
glove-200-angular,pdx-bsa-dz,4.7123,7.60596,1.77409,0.606439,22,16,10,10000,0.2,1,4.677,11.1,0.8067,0
glove-200-angular,pdx-bsa-dz,4.28285,6.98603,1.49537,0.58779,20,16,10,10000,0.2,1,4.256,11.15,0.7709,0
glove-200-angular,pdx-bsa-dz,3.85375,6.3917,1.24314,0.568211,18,16,10,10000,0.2,1,3.834,12.71,0.7111,0
glove-200-angular,pdx-bsa-dz,3.43202,5.83496,0.995765,0.546161,16,16,10,10000,0.2,1,3.42,10.54,0.6926,0
glove-200-angular,pdx-bsa-dz,3.00121,5.23339,0.773099,0.522672,14,16,10,10000,0.2,1,2.999,11.16,0.5794,0
glove-200-angular,pdx-bsa-dz,2.57947,4.6323,0.550437,0.499352,12,16,10,10000,0.2,1,2.581,10.62,0.4782,0
glove-200-angular,pdx-bsa-dz,2.16427,3.99985,0.364124,0.473683,10,16,10,10000,0.2,1,2.166,9.3,0.3641,0
glove-200-angular,pdx-bsa-dz,1.74523,3.31913,0.276742,0.445432,8,16,10,10000,0.2,1,1.751,8.331,0.2767,0
glove-200-angular,pdx-bsa-dz,1.32241,2.61801,0.189292,0.409642,6,16,10,10000,0.2,1,1.335,7.92,0.1893,0
glove-200-angular,pdx-bsa-dz,0.898925,1.86011,0.133833,0.364512,4,16,10,10000,0.2,1,0.9155,7.691,0.1338,0
glove-200-angular,pdx-bsa-dz,0.4746,1.04641,0.072645,0.286151,2,16,10,10000,0.2,1,0.4924,1.368,0.07265,0
sift-128-euclidean,pdx-bsa-dz,6.28292,10.0637,2.57636,0.99646,512,8,10,10000,0.2,1,6.3,12.73,1.461,0
sift-128-euclidean,pdx-bsa-dz,3.85655,5.71997,1.76639,0.99546,256,8,10,10000,0.2,1,3.859,9.143,0.7892,0
sift-128-euclidean,pdx-bsa-dz,3.48978,5.23847,1.61934,0.99507,224,8,10,10000,0.2,1,3.484,8.337,0.6956,0
sift-128-euclidean,pdx-bsa-dz,3.10487,4.70277,1.44366,0.99413,192,8,10,10000,0.2,1,3.095,7.77,0.5964,0
sift-128-euclidean,pdx-bsa-dz,2.69616,4.13449,1.24903,0.99256,160,8,10,10000,0.2,1,2.687,7.421,0.5112,0
sift-128-euclidean,pdx-bsa-dz,2.48326,3.82748,1.14064,0.99134,144,8,10,10000,0.2,1,2.476,6.99,0.4681,0
sift-128-euclidean,pdx-bsa-dz,2.26146,3.49997,1.03152,0.98963,128,8,10,10000,0.2,1,2.256,6.676,0.4236,0
sift-128-euclidean,pdx-bsa-dz,2.0293,3.153,0.900898,0.98726,112,8,10,10000,0.2,1,2.027,6.358,0.3842,0
sift-128-euclidean,pdx-bsa-dz,1.79157,2.80562,0.771736,0.98361,96,8,10,10000,0.2,1,1.789,6.224,0.3356,0
sift-128-euclidean,pdx-bsa-dz,1.54582,2.45796,0.640253,0.977589,80,8,10,10000,0.2,1,1.545,5.735,0.2902,0
sift-128-euclidean,pdx-bsa-dz,1.2857,2.06843,0.504406,0.968657,64,8,10,10000,0.2,1,1.287,5.461,0.2501,0
sift-128-euclidean,pdx-bsa-dz,1.152,1.87311,0.436808,0.961857,56,8,10,10000,0.2,1,1.154,4.927,0.2253,0
sift-128-euclidean,pdx-bsa-dz,1.01354,1.66107,0.364604,0.951756,48,8,10,10000,0.2,1,1.016,5.403,0.2023,0
sift-128-euclidean,pdx-bsa-dz,0.869536,1.43367,0.301652,0.938145,40,8,10,10000,0.2,1,0.8719,4.767,0.1859,0
sift-128-euclidean,pdx-bsa-dz,0.721727,1.19583,0.243469,0.916973,32,8,10,10000,0.2,1,0.7241,4.572,0.1566,0
sift-128-euclidean,pdx-bsa-dz,0.646597,1.07228,0.211379,0.903332,28,8,10,10000,0.2,1,0.6495,4.657,0.1463,0
sift-128-euclidean,pdx-bsa-dz,0.607851,1.00761,0.204506,0.895242,26,8,10,10000,0.2,1,0.6113,4.452,0.1401,0
sift-128-euclidean,pdx-bsa-dz,0.568656,0.947472,0.197625,0.885541,24,8,10,10000,0.2,1,0.5719,4.478,0.1305,0
sift-128-euclidean,pdx-bsa-dz,0.528175,0.881908,0.171376,0.87403,22,8,10,10000,0.2,1,0.5324,4.122,0.1225,0
sift-128-euclidean,pdx-bsa-dz,0.487625,0.814298,0.153604,0.861889,20,8,10,10000,0.2,1,0.4927,4.305,0.1189,0
sift-128-euclidean,pdx-bsa-dz,0.446317,0.744179,0.141576,0.846988,18,8,10,10000,0.2,1,0.4524,4.174,0.1119,0
sift-128-euclidean,pdx-bsa-dz,0.404318,0.676508,0.132799,0.828876,16,8,10,10000,0.2,1,0.4116,4.23,0.1032,0
sift-128-euclidean,pdx-bsa-dz,0.362286,0.608209,0.118588,0.807168,14,8,10,10000,0.2,1,0.3697,4.178,0.09866,0
sift-128-euclidean,pdx-bsa-dz,0.319287,0.534458,0.106938,0.77996,12,8,10,10000,0.2,1,0.3275,3.996,0.09249,0
sift-128-euclidean,pdx-bsa-dz,0.275778,0.459171,0.095891,0.745541,10,8,10,10000,0.2,1,0.2837,3.93,0.0848,0
sift-128-euclidean,pdx-bsa-dz,0.231297,0.382745,0.08603,0.701394,8,8,10,10000,0.2,1,0.2387,3.894,0.07767,0
sift-128-euclidean,pdx-bsa-dz,0.185976,0.304618,0.070975,0.641526,6,8,10,10000,0.2,1,0.1929,3.838,0.07097,0
sift-128-euclidean,pdx-bsa-dz,0.139333,0.224203,0.06638,0.552437,4,8,10,10000,0.2,1,0.1448,3.804,0.06638,0
sift-128-euclidean,pdx-bsa-dz,0.0888308,0.137336,0.042113,0.403721,2,8,10,10000,0.2,1,0.09152,0.2292,0.04211,0
gist-960-euclidean,pdx-bsa-dz,26.3129,53.6981,2.42273,0.9964,512,8,10,1000,0.2,1,26.41,75.31,2.423,0
gist-960-euclidean,pdx-bsa-dz,20.1215,40.4967,1.49392,0.993201,256,8,10,1000,0.2,1,20.12,40.5,1.494,0
gist-960-euclidean,pdx-bsa-dz,18.1741,37.159,1.49814,0.991901,224,8,10,1000,0.2,1,18.17,37.16,1.498,0
gist-960-euclidean,pdx-bsa-dz,16.8587,33.4974,1.38884,0.989501,192,8,10,1000,0.2,1,16.88,38.72,1.389,0
gist-960-euclidean,pdx-bsa-dz,15.7934,30.9211,1.0691,0.985001,160,8,10,1000,0.2,1,15.81,37.12,1.069,0
gist-960-euclidean,pdx-bsa-dz,14.7766,28.7618,0.989574,0.982901,144,8,10,1000,0.2,1,14.78,28.76,0.9896,0
gist-960-euclidean,pdx-bsa-dz,13.817,26.1044,1.0354,0.980401,128,8,10,1000,0.2,1,13.84,34.93,1.035,0
gist-960-euclidean,pdx-bsa-dz,12.7684,27.43,0.957416,0.974801,112,8,10,1000,0.2,1,12.77,27.43,0.9574,0
gist-960-euclidean,pdx-bsa-dz,11.9232,24.9348,0.860548,0.967301,96,8,10,1000,0.2,1,11.94,28.0,0.8605,0
gist-960-euclidean,pdx-bsa-dz,10.678,21.7956,0.782363,0.955301,80,8,10,1000,0.2,1,10.68,21.8,0.7824,0
gist-960-euclidean,pdx-bsa-dz,9.25047,18.944,0.714349,0.937701,64,8,10,1000,0.2,1,9.25,18.94,0.7143,0
gist-960-euclidean,pdx-bsa-dz,8.49178,17.7791,0.646342,0.926701,56,8,10,1000,0.2,1,8.518,24.78,0.6463,0
gist-960-euclidean,pdx-bsa-dz,7.54335,15.8736,0.590162,0.909401,48,8,10,1000,0.2,1,7.56,16.07,0.5902,0
gist-960-euclidean,pdx-bsa-dz,6.64877,13.9458,0.583917,0.886301,40,8,10,1000,0.2,1,6.725,14.6,0.5839,0
gist-960-euclidean,pdx-bsa-dz,5.69526,11.8906,0.576561,0.851001,32,8,10,1000,0.2,1,5.837,13.51,0.5766,0
gist-960-euclidean,pdx-bsa-dz,5.21951,10.6145,0.580041,0.831701,28,8,10,1000,0.2,1,5.375,12.05,0.58,0
gist-960-euclidean,pdx-bsa-dz,5.07609,10.4421,0.572846,0.819901,26,8,10,1000,0.2,1,5.275,16.98,0.5728,0
gist-960-euclidean,pdx-bsa-dz,4.69524,9.61343,0.547706,0.804001,24,8,10,1000,0.2,1,4.932,12.0,0.5477,0
gist-960-euclidean,pdx-bsa-dz,4.44188,9.2361,0.536515,0.786301,22,8,10,1000,0.2,1,4.688,15.73,0.5365,0
gist-960-euclidean,pdx-bsa-dz,4.176,8.49979,0.539546,0.766201,20,8,10,1000,0.2,1,4.394,10.48,0.5395,0
gist-960-euclidean,pdx-bsa-dz,3.82194,7.80201,0.529729,0.746901,18,8,10,1000,0.2,1,4.057,9.966,0.5297,0
gist-960-euclidean,pdx-bsa-dz,3.50967,7.09217,0.506875,0.7242,16,8,10,1000,0.2,1,3.73,9.64,0.5069,0
gist-960-euclidean,pdx-bsa-dz,3.1943,6.37621,0.502009,0.6932,14,8,10,1000,0.2,1,3.405,8.7,0.502,0
gist-960-euclidean,pdx-bsa-dz,2.86556,5.66317,0.480252,0.6593,12,8,10,1000,0.2,1,3.073,8.005,0.4803,0
gist-960-euclidean,pdx-bsa-dz,2.5687,4.90547,0.46781,0.6213,10,8,10,1000,0.2,1,2.723,9.672,0.4678,0
gist-960-euclidean,pdx-bsa-dz,2.18299,4.22497,0.45376,0.5725,8,8,10,1000,0.2,1,2.305,6.016,0.4538,0
gist-960-euclidean,pdx-bsa-dz,1.80423,3.39628,0.437978,0.5118,6,8,10,1000,0.2,1,1.92,5.014,0.438,0
gist-960-euclidean,pdx-bsa-dz,1.41279,2.56947,0.420075,0.4276,4,8,10,1000,0.2,1,1.492,4.162,0.4201,0
gist-960-euclidean,pdx-bsa-dz,0.964503,1.71414,0.412962,0.2992,2,8,10,1000,0.2,1,1.007,2.75,0.413,0
deep-image-96-angular,pdx-bsa-dz,12.1266,19.9917,4.22309,0.98001,512,8,10,10000,0.2,1,12.12,24.99,3.382,0
deep-image-96-angular,pdx-bsa-dz,6.99357,12.1203,1.98695,0.974629,256,8,10,10000,0.2,1,7.006,20.33,1.987,0
deep-image-96-angular,pdx-bsa-dz,6.26982,10.8995,1.58595,0.972679,224,8,10,10000,0.2,1,6.288,13.97,1.586,0
deep-image-96-angular,pdx-bsa-dz,5.60109,9.84088,1.48708,0.970448,192,8,10,10000,0.2,1,5.621,13.05,1.487,0
deep-image-96-angular,pdx-bsa-dz,4.92687,8.73433,1.2002,0.966747,160,8,10,10000,0.2,1,4.976,13.39,1.2,0
deep-image-96-angular,pdx-bsa-dz,4.37429,7.77171,1.16629,0.964757,144,8,10,10000,0.2,1,4.416,13.4,1.166,0
deep-image-96-angular,pdx-bsa-dz,4.02307,7.25867,1.02134,0.961847,128,8,10,10000,0.2,1,4.096,15.22,1.021,0
deep-image-96-angular,pdx-bsa-dz,3.64468,6.63785,0.928645,0.958257,112,8,10,10000,0.2,1,3.733,13.08,0.9286,0
deep-image-96-angular,pdx-bsa-dz,3.23126,5.85054,0.844037,0.953075,96,8,10,10000,0.2,1,3.318,10.01,0.844,0
deep-image-96-angular,pdx-bsa-dz,2.72767,4.94687,0.756031,0.946085,80,8,10,10000,0.2,1,2.793,13.42,0.756,0
deep-image-96-angular,pdx-bsa-dz,2.3252,4.23332,0.599501,0.935844,64,8,10,10000,0.2,1,2.401,7.212,0.5995,0
deep-image-96-angular,pdx-bsa-dz,2.0849,3.80363,0.572424,0.928274,56,8,10,10000,0.2,1,2.157,9.749,0.5724,0
deep-image-96-angular,pdx-bsa-dz,1.776,3.23306,0.509932,0.918813,48,8,10,10000,0.2,1,1.828,5.183,0.5099,0
deep-image-96-angular,pdx-bsa-dz,1.60412,2.92359,0.464546,0.905843,40,8,10,10000,0.2,1,1.66,5.769,0.4645,0
deep-image-96-angular,pdx-bsa-dz,1.37352,2.48253,0.410608,0.888652,32,8,10,10000,0.2,1,1.423,5.28,0.4106,0
deep-image-96-angular,pdx-bsa-dz,1.20302,2.16055,0.39153,0.87663,28,8,10,10000,0.2,1,1.242,10.8,0.3915,0
deep-image-96-angular,pdx-bsa-dz,1.12426,2.01735,0.366128,0.869589,26,8,10,10000,0.2,1,1.157,3.631,0.3661,0
deep-image-96-angular,pdx-bsa-dz,1.04778,1.88316,0.352417,0.861529,24,8,10,10000,0.2,1,1.079,5.217,0.3524,0
deep-image-96-angular,pdx-bsa-dz,1.04036,1.85301,0.354684,0.852308,22,8,10,10000,0.2,1,1.077,6.136,0.3547,0
deep-image-96-angular,pdx-bsa-dz,0.978379,1.73793,0.339149,0.841369,20,8,10,10000,0.2,1,1.01,5.324,0.3391,0
deep-image-96-angular,pdx-bsa-dz,0.894235,1.56947,0.324186,0.828358,18,8,10,10000,0.2,1,0.9245,2.74,0.3242,0
deep-image-96-angular,pdx-bsa-dz,0.796109,1.38247,0.30631,0.814029,16,8,10,10000,0.2,1,0.8182,3.255,0.3063,0
deep-image-96-angular,pdx-bsa-dz,0.726997,1.25013,0.297171,0.79626,14,8,10,10000,0.2,1,0.7466,2.515,0.2972,0
deep-image-96-angular,pdx-bsa-dz,0.658268,1.11907,0.278919,0.774191,12,8,10,10000,0.2,1,0.675,2.992,0.2789,0
deep-image-96-angular,pdx-bsa-dz,0.557682,0.939209,0.249862,0.744902,10,8,10,10000,0.2,1,0.5712,3.681,0.2499,0
deep-image-96-angular,pdx-bsa-dz,0.534028,0.867399,0.260425,0.708121,8,8,10,10000,0.2,1,0.5475,1.28,0.2604,0
deep-image-96-angular,pdx-bsa-dz,0.455486,0.718715,0.242781,0.655593,6,8,10,10000,0.2,1,0.4662,4.546,0.2428,0
deep-image-96-angular,pdx-bsa-dz,0.372675,0.557927,0.226892,0.577269,4,8,10,10000,0.2,1,0.381,4.094,0.2269,0
deep-image-96-angular,pdx-bsa-dz,0.283999,0.385734,0.196999,0.438552,2,8,10,10000,0.2,1,0.2893,3.56,0.197,0
contriever-768,pdx-bsa-dz,56.4988,107.279,5.29597,0.99843,512,12,10,10000,0.2,1,56.59,139.9,3.885,0
contriever-768,pdx-bsa-dz,31.9695,58.2999,5.62068,0.99509,256,12,10,10000,0.2,1,32.08,70.23,2.477,0
contriever-768,pdx-bsa-dz,28.9378,52.0801,5.21772,0.9942,224,12,10,10000,0.2,1,29.1,77.86,2.321,0
contriever-768,pdx-bsa-dz,25.3627,45.344,5.05231,0.99304,192,12,10,10000,0.2,1,25.52,62.77,2.159,0
contriever-768,pdx-bsa-dz,21.7035,38.3529,5.15794,0.99131,160,12,10,10000,0.2,1,21.89,56.08,1.89,0
contriever-768,pdx-bsa-dz,19.9141,34.9887,4.82225,0.99041,144,12,10,10000,0.2,1,20.09,47.38,1.816,0
contriever-768,pdx-bsa-dz,18.0435,31.4156,4.59704,0.989079,128,12,10,10000,0.2,1,18.23,46.92,1.686,0
contriever-768,pdx-bsa-dz,16.0112,27.6936,4.20029,0.987689,112,12,10,10000,0.2,1,16.21,40.05,1.535,0
contriever-768,pdx-bsa-dz,14.0901,24.223,3.96969,0.986039,96,12,10,10000,0.2,1,14.29,36.78,1.477,0
contriever-768,pdx-bsa-dz,12.1237,20.6422,3.60403,0.98309,80,12,10,10000,0.2,1,12.33,30.9,1.349,0
contriever-768,pdx-bsa-dz,10.0834,17.0159,3.14465,0.979489,64,12,10,10000,0.2,1,10.29,34.94,1.214,0
contriever-768,pdx-bsa-dz,9.05378,15.2081,2.91809,0.976979,56,12,10,10000,0.2,1,9.254,27.32,1.156,0
contriever-768,pdx-bsa-dz,7.99337,13.365,2.76666,0.973329,48,12,10,10000,0.2,1,8.188,26.43,1.073,0
contriever-768,pdx-bsa-dz,6.91446,11.5322,2.30921,0.968848,40,12,10,10000,0.2,1,7.093,24.08,1.016,0
contriever-768,pdx-bsa-dz,5.7812,9.58466,2.06541,0.961996,32,12,10,10000,0.2,1,5.951,25.36,0.9444,0
contriever-768,pdx-bsa-dz,5.20384,8.68198,1.74038,0.957566,28,12,10,10000,0.2,1,5.352,21.75,0.9029,0
contriever-768,pdx-bsa-dz,4.89753,8.16731,1.66727,0.954595,26,12,10,10000,0.2,1,5.042,22.62,0.8777,0
contriever-768,pdx-bsa-dz,4.60096,7.71269,1.55186,0.951295,24,12,10,10000,0.2,1,4.736,21.98,0.8433,0
contriever-768,pdx-bsa-dz,4.37047,7.33976,1.47062,0.947855,22,12,10,10000,0.2,1,4.504,20.65,0.8068,0
contriever-768,pdx-bsa-dz,3.98173,6.69923,1.38905,0.943134,20,12,10,10000,0.2,1,4.1,20.24,0.7807,0
contriever-768,pdx-bsa-dz,3.65284,6.15531,1.23001,0.937614,18,12,10,10000,0.2,1,3.768,20.23,0.7513,0
contriever-768,pdx-bsa-dz,3.3411,5.6517,1.11271,0.931644,16,12,10,10000,0.2,1,3.445,20.68,0.7154,0
contriever-768,pdx-bsa-dz,3.00185,5.09551,0.955383,0.924144,14,12,10,10000,0.2,1,3.103,19.03,0.6904,0
contriever-768,pdx-bsa-dz,2.65623,4.51674,0.827967,0.914363,12,12,10,10000,0.2,1,2.745,17.95,0.6233,0
contriever-768,pdx-bsa-dz,2.30716,3.91126,0.771603,0.901221,10,12,10,10000,0.2,1,2.388,16.75,0.5688,0
contriever-768,pdx-bsa-dz,1.95143,3.29894,0.665649,0.88323,8,12,10,10000,0.2,1,2.021,16.49,0.5335,0
contriever-768,pdx-bsa-dz,1.58862,2.66576,0.567608,0.854588,6,12,10,10000,0.2,1,1.65,15.73,0.4889,0
contriever-768,pdx-bsa-dz,1.20423,1.99477,0.440671,0.803578,4,12,10,10000,0.2,1,1.253,15.86,0.4407,0
contriever-768,pdx-bsa-dz,0.795026,1.33976,0.32171,0.686482,2,12,10,10000,0.2,1,0.8257,15.44,0.3217,0
instructorxl-arxiv-768,pdx-bsa-dz,32.5887,55.7901,10.7441,0.999,512,12,10,1000,0.2,1,32.75,65.38,5.094,0
instructorxl-arxiv-768,pdx-bsa-dz,19.2789,31.9622,6.47286,0.9957,256,12,10,1000,0.2,1,19.62,42.22,2.989,0
instructorxl-arxiv-768,pdx-bsa-dz,17.5453,28.2686,6.03522,0.9937,224,12,10,1000,0.2,1,17.72,38.45,2.747,0
instructorxl-arxiv-768,pdx-bsa-dz,15.5903,26.3561,5.48252,0.9909,192,12,10,1000,0.2,1,15.76,34.56,2.493,0
instructorxl-arxiv-768,pdx-bsa-dz,13.6034,22.353,4.84944,0.987701,160,12,10,1000,0.2,1,13.75,33.21,2.23,0
instructorxl-arxiv-768,pdx-bsa-dz,12.5775,19.8571,4.39517,0.985501,144,12,10,1000,0.2,1,12.69,28.79,2.073,0
instructorxl-arxiv-768,pdx-bsa-dz,11.4622,18.4658,4.06854,0.981301,128,12,10,1000,0.2,1,11.59,30.95,1.948,0
instructorxl-arxiv-768,pdx-bsa-dz,10.3468,16.7064,3.74328,0.977801,112,12,10,1000,0.2,1,10.49,28.75,1.831,0
instructorxl-arxiv-768,pdx-bsa-dz,9.24217,14.8249,3.42611,0.973801,96,12,10,1000,0.2,1,9.324,23.74,1.677,0
instructorxl-arxiv-768,pdx-bsa-dz,8.05488,12.8712,3.10703,0.968301,80,12,10,1000,0.2,1,8.119,23.46,1.547,0
instructorxl-arxiv-768,pdx-bsa-dz,6.80654,10.8766,2.815,0.958901,64,12,10,1000,0.2,1,6.866,23.26,1.418,0
instructorxl-arxiv-768,pdx-bsa-dz,6.16304,9.78773,2.63753,0.953901,56,12,10,1000,0.2,1,6.197,20.59,1.308,0
instructorxl-arxiv-768,pdx-bsa-dz,5.49635,8.78486,2.35552,0.946801,48,12,10,1000,0.2,1,5.537,20.52,1.225,0
instructorxl-arxiv-768,pdx-bsa-dz,4.81802,7.38834,2.14873,0.935701,40,12,10,1000,0.2,1,4.862,20.53,1.115,0
instructorxl-arxiv-768,pdx-bsa-dz,4.0669,6.3232,1.88418,0.922801,32,12,10,1000,0.2,1,4.096,19.71,1.03,0
instructorxl-arxiv-768,pdx-bsa-dz,3.6504,5.6838,1.5826,0.914001,28,12,10,1000,0.2,1,3.681,19.97,0.9413,0
instructorxl-arxiv-768,pdx-bsa-dz,3.45611,5.41967,1.53709,0.908801,26,12,10,1000,0.2,1,3.486,18.62,0.9272,0
instructorxl-arxiv-768,pdx-bsa-dz,3.25994,5.11606,1.47399,0.902401,24,12,10,1000,0.2,1,3.301,18.16,0.8922,0
instructorxl-arxiv-768,pdx-bsa-dz,3.06653,4.80913,1.43327,0.894001,22,12,10,1000,0.2,1,3.092,17.22,0.8627,0
instructorxl-arxiv-768,pdx-bsa-dz,2.86426,4.48235,1.36965,0.8854,20,12,10,1000,0.2,1,2.891,17.32,0.8488,0
instructorxl-arxiv-768,pdx-bsa-dz,2.66276,4.18836,1.31679,0.8771,18,12,10,1000,0.2,1,2.688,16.53,0.8266,0
instructorxl-arxiv-768,pdx-bsa-dz,2.4574,3.8296,1.21885,0.8654,16,12,10,1000,0.2,1,2.483,16.86,0.8139,0
instructorxl-arxiv-768,pdx-bsa-dz,2.25233,3.50361,1.13388,0.8535,14,12,10,1000,0.2,1,2.266,17.24,0.7988,0
instructorxl-arxiv-768,pdx-bsa-dz,2.03989,3.16452,1.04587,0.835301,12,12,10,1000,0.2,1,2.054,16.98,0.7907,0
instructorxl-arxiv-768,pdx-bsa-dz,1.82472,2.78872,0.989064,0.811401,10,12,10,1000,0.2,1,1.829,5.689,0.7689,0
instructorxl-arxiv-768,pdx-bsa-dz,1.59577,2.42988,0.879795,0.778401,8,12,10,1000,0.2,1,1.61,16.46,0.7349,0
instructorxl-arxiv-768,pdx-bsa-dz,1.35959,2.05095,0.720312,0.7419,6,12,10,1000,0.2,1,1.364,4.555,0.7203,0
instructorxl-arxiv-768,pdx-bsa-dz,1.1031,1.62936,0.624747,0.6722,4,12,10,1000,0.2,1,1.119,15.53,0.6247,0
instructorxl-arxiv-768,pdx-bsa-dz,0.818054,1.20177,0.448122,0.5299,2,12,10,1000,0.2,1,0.8213,1.312,0.4481,0
openai-1536-angular,pdx-bsa-dz,18.387,31.3454,5.53292,0.9939,512,16,10,1000,0.2,1,18.53,43.96,4.719,0
openai-1536-angular,pdx-bsa-dz,10.386,17.626,3.46194,0.983801,256,16,10,1000,0.2,1,10.49,21.01,3.058,0
openai-1536-angular,pdx-bsa-dz,9.37385,15.3324,3.41066,0.979901,224,16,10,1000,0.2,1,9.474,18.99,2.935,0
openai-1536-angular,pdx-bsa-dz,9.66946,15.8684,3.56499,0.976901,192,16,10,1000,0.2,1,9.741,19.35,3.125,0
openai-1536-angular,pdx-bsa-dz,9.12159,16.7112,2.64419,0.973201,160,16,10,1000,0.2,1,9.451,23.92,2.644,0
openai-1536-angular,pdx-bsa-dz,7.78959,12.9255,2.73956,0.970901,144,16,10,1000,0.2,1,7.948,17.49,2.508,0
openai-1536-angular,pdx-bsa-dz,7.46461,12.4089,2.52551,0.967501,128,16,10,1000,0.2,1,7.58,14.52,2.526,0
openai-1536-angular,pdx-bsa-dz,6.80389,11.0091,2.49441,0.962801,112,16,10,1000,0.2,1,6.884,13.46,2.403,0
openai-1536-angular,pdx-bsa-dz,6.04401,9.78101,2.35999,0.955901,96,16,10,1000,0.2,1,6.093,12.47,2.274,0
openai-1536-angular,pdx-bsa-dz,5.46982,8.90642,2.13375,0.948801,80,16,10,1000,0.2,1,5.544,11.58,1.987,0
openai-1536-angular,pdx-bsa-dz,4.91376,8.14984,1.81569,0.937202,64,16,10,1000,0.2,1,5.021,12.56,1.816,0
openai-1536-angular,pdx-bsa-dz,4.49329,7.27416,1.76288,0.930301,56,16,10,1000,0.2,1,4.533,9.106,1.763,0
openai-1536-angular,pdx-bsa-dz,4.1604,6.55293,1.6705,0.921701,48,16,10,1000,0.2,1,4.196,8.353,1.671,0
openai-1536-angular,pdx-bsa-dz,3.86561,5.96051,1.5866,0.911901,40,16,10,1000,0.2,1,3.91,7.763,1.587,0
openai-1536-angular,pdx-bsa-dz,3.51902,5.51247,1.51424,0.899301,32,16,10,1000,0.2,1,3.545,6.743,1.514,0
openai-1536-angular,pdx-bsa-dz,3.31784,5.22874,1.44429,0.889101,28,16,10,1000,0.2,1,3.351,6.162,1.444,0
openai-1536-angular,pdx-bsa-dz,3.20486,4.93191,1.45947,0.882701,26,16,10,1000,0.2,1,3.24,6.289,1.459,0
openai-1536-angular,pdx-bsa-dz,3.08454,4.86159,1.38363,0.877101,24,16,10,1000,0.2,1,3.208,14.19,1.384,0
openai-1536-angular,pdx-bsa-dz,2.82832,4.46096,1.34009,0.8714,22,16,10,1000,0.2,1,2.866,6.632,1.34,0
openai-1536-angular,pdx-bsa-dz,3.66077,6.48742,1.53589,0.864801,20,16,10,1000,0.2,1,3.808,14.8,1.536,0
openai-1536-angular,pdx-bsa-dz,2.86637,4.62469,1.36977,0.857601,18,16,10,1000,0.2,1,2.942,7.212,1.37,0
openai-1536-angular,pdx-bsa-dz,2.76207,4.42027,1.35283,0.849001,16,16,10,1000,0.2,1,2.984,16.68,1.353,0
openai-1536-angular,pdx-bsa-dz,2.93534,4.41046,1.5472,0.839901,14,16,10,1000,0.2,1,3.032,11.86,1.547,0
openai-1536-angular,pdx-bsa-dz,2.57992,4.0889,1.24099,0.825401,12,16,10,1000,0.2,1,2.655,7.257,1.241,0
openai-1536-angular,pdx-bsa-dz,2.52132,3.97533,1.37921,0.807201,10,16,10,1000,0.2,1,2.726,11.22,1.379,0
openai-1536-angular,pdx-bsa-dz,2.61634,4.58868,1.35019,0.79,8,16,10,1000,0.2,1,2.857,12.85,1.35,0
openai-1536-angular,pdx-bsa-dz,2.23524,3.84552,1.18083,0.7616,6,16,10,1000,0.2,1,2.552,10.83,1.181,0
openai-1536-angular,pdx-bsa-dz,1.80656,2.64825,1.1261,0.7131,4,16,10,1000,0.2,1,1.854,5.253,1.126,0
openai-1536-angular,pdx-bsa-dz,1.56022,2.15739,1.07423,0.6176,2,16,10,1000,0.2,1,1.587,4.906,1.074,0
