dataset,algorithm,avg,max,min,recall,knn,n_queries,num_measure_runs,avg_all,max_all,min_all,ef_search,M,ef_construction,ivf_nprobe
nytimes-16-angular,ivf_faiss,2.3841403999733606,2.458810806274414,2.324819564819336,0.9959199999999926,10,10000,1,2.3954017639160154,16.78299903869629,2.324819564819336,0,0,0,512
nytimes-16-angular,ivf_faiss,1.177748104666563,1.230478286743164,1.1250972747802734,0.9959199999999926,10,10000,1,1.1788082838058471,2.8743743896484375,1.1150836944580078,0,0,0,256
nytimes-16-angular,ivf_faiss,1.0341328378260928,1.0821819305419922,0.9860992431640625,0.9959099999999925,10,10000,1,1.0351826429367066,3.0617713928222656,0.96893310546875,0,0,0,224
nytimes-16-angular,ivf_faiss,0.8888181237727313,0.9341239929199219,0.8437633514404297,0.9958999999999926,10,10000,1,0.8898920774459839,2.6671886444091797,0.8263587951660156,0,0,0,192
nytimes-16-angular,ivf_faiss,0.7643407124029914,0.8943080902099609,0.6914138793945312,0.9957799999999927,10,10000,1,0.7812922716140747,1.2195110321044922,0.6914138793945312,0,0,0,160
nytimes-16-angular,ivf_faiss,0.6716418757029553,0.7119178771972656,0.6318092346191406,0.9956099999999924,10,10000,1,0.672972583770752,1.9042491912841797,0.6253719329833984,0,0,0,144
nytimes-16-angular,ivf_faiss,0.5992357457748394,0.6365776062011719,0.5621910095214844,0.995389999999992,10,10000,1,0.6003842353820801,1.3344287872314453,0.5462169647216797,0,0,0,128
nytimes-16-angular,ivf_faiss,0.5260689049029746,0.5595684051513672,0.4928112030029297,0.9948499999999911,10,10000,1,0.5265426397323608,0.6022453308105469,0.48422813415527344,0,0,0,112
nytimes-16-angular,ivf_faiss,0.4587020818078145,0.4897117614746094,0.4279613494873047,0.9936199999999897,10,10000,1,0.459086012840271,0.5788803100585938,0.42057037353515625,0,0,0,96
nytimes-16-angular,ivf_faiss,0.3843850034766963,0.4115104675292969,0.3573894500732422,0.9911299999999869,10,10000,1,0.384649395942688,0.4658699035644531,0.3485679626464844,0,0,0,80
nytimes-16-angular,ivf_faiss,0.310017704939616,0.3337860107421875,0.286102294921875,0.9861099999999802,10,10000,1,0.31024017333984377,0.37670135498046875,0.2796649932861328,0,0,0,64
nytimes-16-angular,ivf_faiss,0.27304019227839416,0.2944469451904297,0.25177001953125,0.9808899999999747,10,10000,1,0.27321972846984866,0.3399848937988281,0.24366378784179688,0,0,0,56
nytimes-16-angular,ivf_faiss,0.23522099357262538,0.25463104248046875,0.21576881408691406,0.9729999999999689,10,10000,1,0.2353827476501465,0.33926963806152344,0.2048015594482422,0,0,0,48
nytimes-16-angular,ivf_faiss,0.19690085935138704,0.21409988403320312,0.17976760864257812,0.9604199999999619,10,10000,1,0.19702279567718506,0.23674964904785156,0.17142295837402344,0,0,0,40
nytimes-16-angular,ivf_faiss,0.15860927433293456,0.1742839813232422,0.1430511474609375,0.9399199999999565,10,10000,1,0.15876355171203613,0.19860267639160156,0.13208389282226562,0,0,0,32
nytimes-16-angular,ivf_faiss,0.1387199490308858,0.15306472778320312,0.12445449829101562,0.9243899999999551,10,10000,1,0.1387631893157959,0.17833709716796875,0.11134147644042969,0,0,0,28
nytimes-16-angular,ivf_faiss,0.12956540305893144,0.14328956604003906,0.11587142944335938,0.9157299999999543,10,10000,1,0.12965636253356932,0.1819133758544922,0.10466575622558594,0,0,0,26
nytimes-16-angular,ivf_faiss,0.12037013705134235,0.13375282287597656,0.10704994201660156,0.9049399999999544,10,10000,1,0.12047035694122314,0.1621246337890625,0.09584426879882812,0,0,0,24
nytimes-16-angular,ivf_faiss,0.11084242637113015,0.12326240539550781,0.09846687316894531,0.892349999999958,10,10000,1,0.11106159687042236,0.26679039001464844,0.09059906005859375,0,0,0,22
nytimes-16-angular,ivf_faiss,0.10152470333693536,0.11301040649414062,0.09012222290039062,0.8780999999999616,10,10000,1,0.10156338214874268,0.14019012451171875,0.08273124694824219,0,0,0,20
nytimes-16-angular,ivf_faiss,0.09215540760671793,0.102996826171875,0.08130073547363281,0.8605299999999663,10,10000,1,0.09223036766052246,0.12946128845214844,0.07462501525878906,0,0,0,18
nytimes-16-angular,ivf_faiss,0.0830177621943454,0.09298324584960938,0.07319450378417969,0.8404499999999722,10,10000,1,0.0831897497177124,0.19121170043945312,0.06532669067382812,0,0,0,16
nytimes-16-angular,ivf_faiss,0.0741241000882576,0.08368492126464844,0.06461143493652344,0.8157699999999786,10,10000,1,0.07427451610565186,0.11897087097167969,0.06103515625,0,0,0,14
nytimes-16-angular,ivf_faiss,0.06452195838724535,0.07319450378417969,0.05602836608886719,0.7861399999999832,10,10000,1,0.06458282470703125,0.09918212890625,0.0514984130859375,0,0,0,12
nytimes-16-angular,ivf_faiss,0.05533530518317079,0.0629425048828125,0.0476837158203125,0.7476599999999916,10,10000,1,0.05538606643676758,0.09012222290039062,0.04291534423828125,0,0,0,10
nytimes-16-angular,ivf_faiss,0.046184618840984376,0.05316734313964844,0.03910064697265625,0.6987599999999952,10,10000,1,0.04624326229095459,0.09417533874511719,0.03409385681152344,0,0,0,8
nytimes-16-angular,ivf_faiss,0.037375546663179084,0.043392181396484375,0.031232833862304688,0.6359200000000002,10,10000,1,0.03751647472381592,0.07081031799316406,0.027179718017578125,0,0,0,6
nytimes-16-angular,ivf_faiss,0.027764813354245455,0.032901763916015625,0.022649765014648438,0.5459800000000018,10,10000,1,0.02780649662017822,0.0591278076171875,0.019788742065429688,0,0,0,4
nytimes-16-angular,ivf_faiss,0.018434807776820782,0.021696090698242188,0.0152587890625,0.40377999999999964,10,10000,1,0.018479061126708985,0.05245208740234375,0.012874603271484375,0,0,0,2
glove-50-angular,ivf_faiss,13.553565887974445,16.051054000854492,10.98322868347168,0.9991899999999987,10,10000,1,13.574775218963623,37.149906158447266,8.777379989624023,0,0,0,512
glove-50-angular,ivf_faiss,7.122424372686156,8.898258209228516,4.909753799438477,0.9944799999999939,10,10000,1,7.116559362411499,22.237062454223633,3.7620067596435547,0,0,0,256
glove-50-angular,ivf_faiss,6.263476311771779,8.097171783447266,4.171848297119141,0.9927799999999919,10,10000,1,6.260368514060974,19.438982009887695,3.2355785369873047,0,0,0,224
glove-50-angular,ivf_faiss,5.415955877587851,7.463693618774414,3.442525863647461,0.9904299999999894,10,10000,1,5.518876528739929,14.533042907714844,2.750873565673828,0,0,0,192
glove-50-angular,ivf_faiss,4.450285751419258,6.175994873046875,2.724885940551758,0.9865599999999871,10,10000,1,4.450196385383606,13.481616973876953,2.027273178100586,0,0,0,160
glove-50-angular,ivf_faiss,4.00796947290099,5.391120910644531,2.4137496948242188,0.9838399999999862,10,10000,1,4.004879426956177,5.391120910644531,1.7971992492675781,0,0,0,144
glove-50-angular,ivf_faiss,3.57035653931754,4.957914352416992,2.0978450775146484,0.9806999999999844,10,10000,1,3.570609927177429,11.483907699584961,1.5342235565185547,0,0,0,128
glove-50-angular,ivf_faiss,3.1356518258291,4.506587982177734,1.781463623046875,0.9765099999999842,10,10000,1,3.1397318601608277,10.497808456420898,1.2905597686767578,0,0,0,112
glove-50-angular,ivf_faiss,2.690088685366636,3.9865970611572266,1.4314651489257812,0.9707599999999827,10,10000,1,2.75562424659729,9.533166885375977,1.1317729949951172,0,0,0,96
glove-50-angular,ivf_faiss,2.2416621491380138,3.2782554626464844,1.1734962463378906,0.9632699999999813,10,10000,1,2.240123081207275,3.329038619995117,0.9186267852783203,0,0,0,80
glove-50-angular,ivf_faiss,1.79543424935651,2.6891231536865234,0.9124279022216797,0.9521899999999794,10,10000,1,1.7940121412277221,3.0150413513183594,0.6706714630126953,0,0,0,64
glove-50-angular,ivf_faiss,1.5762701246133113,2.378702163696289,0.7901191711425781,0.9448599999999793,10,10000,1,1.5782800912857056,5.892753601074219,0.5958080291748047,0,0,0,56
glove-50-angular,ivf_faiss,1.3540924807463215,2.05230712890625,0.6532669067382812,0.9355199999999803,10,10000,1,1.3534788608551025,2.9883384704589844,0.5059242248535156,0,0,0,48
glove-50-angular,ivf_faiss,1.1366526461226467,1.756429672241211,0.5199909210205078,0.9228099999999837,10,10000,1,1.1389927387237548,6.38890266418457,0.38623809814453125,0,0,0,40
glove-50-angular,ivf_faiss,0.9151239102673832,1.4371871948242188,0.39577484130859375,0.9057799999999812,10,10000,1,0.915000319480896,1.5048980712890625,0.29397010803222656,0,0,0,32
glove-50-angular,ivf_faiss,0.8045024128306162,1.2819766998291016,0.335693359375,0.8946799999999805,10,10000,1,0.8045525074005127,1.3625621795654297,0.24771690368652344,0,0,0,28
glove-50-angular,ivf_faiss,0.7525426487295706,1.2052059173583984,0.3113746643066406,0.8877999999999802,10,10000,1,0.7554190635681153,4.70280647277832,0.22029876708984375,0,0,0,26
glove-50-angular,ivf_faiss,0.6944367008941721,1.1167526245117188,0.27680397033691406,0.8798299999999807,10,10000,1,0.6947590589523316,1.2814998626708984,0.22363662719726562,0,0,0,24
glove-50-angular,ivf_faiss,0.6397423927894947,1.039743423461914,0.24318695068359375,0.8710199999999811,10,10000,1,0.6404314756393432,1.1839866638183594,0.19240379333496094,0,0,0,22
glove-50-angular,ivf_faiss,0.5850191996014527,0.9560585021972656,0.21719932556152344,0.8603699999999807,10,10000,1,0.5857890367507934,1.0666847229003906,0.1671314239501953,0,0,0,20
glove-50-angular,ivf_faiss,0.529800962784576,0.8692741394042969,0.1895427703857422,0.8488499999999811,10,10000,1,0.5305581331253052,0.9760856628417969,0.16307830810546875,0,0,0,18
glove-50-angular,ivf_faiss,0.4778881599507744,0.7958412170410156,0.1690387725830078,0.8353699999999826,10,10000,1,0.4812448978424072,4.493951797485352,0.14448165893554688,0,0,0,16
glove-50-angular,ivf_faiss,0.4196045640697083,0.7004737854003906,0.14400482177734375,0.819529999999987,10,10000,1,0.4206192970275879,0.7984638214111328,0.13399124145507812,0,0,0,14
glove-50-angular,ivf_faiss,0.36438626743525643,0.6215572357177734,0.11587142944335938,0.7994999999999857,10,10000,1,0.3653571605682373,0.7290840148925781,0.11587142944335938,0,0,0,12
glove-50-angular,ivf_faiss,0.3091747415384328,0.5311965942382812,0.09226799011230469,0.774559999999986,10,10000,1,0.310298752784729,0.6239414215087891,0.09226799011230469,0,0,0,10
glove-50-angular,ivf_faiss,0.25432923255217904,0.4420280456542969,0.06556510925292969,0.7413299999999876,10,10000,1,0.25541727542877196,0.5276203155517578,0.06556510925292969,0,0,0,8
glove-50-angular,ivf_faiss,0.19835113120725753,0.3476142883300781,0.050067901611328125,0.6962799999999939,10,10000,1,0.19973068237304686,0.41604042053222656,0.050067901611328125,0,0,0,6
glove-50-angular,ivf_faiss,0.1402115383444952,0.2512931823730469,0.030994415283203125,0.6265699999999969,10,10000,1,0.1414799928665161,0.31256675720214844,0.030994415283203125,0,0,0,4
glove-50-angular,ivf_faiss,0.07959905801240193,0.14495849609375,0.0247955322265625,0.49515999999999893,10,10000,1,0.08085687160491943,0.1857280731201172,0.0247955322265625,0,0,0,2
deep-image-96-angular,ivf_faiss,16.215057142319218,24.092435836791992,8.907794952392578,0.9987399999999987,10,10000,1,16.29328134059906,34.9733829498291,8.907794952392578,0,0,0,512
deep-image-96-angular,ivf_faiss,8.319131073965574,12.978315353393555,4.325151443481445,0.9956299999999947,10,10000,1,8.32844157218933,15.201091766357422,4.325151443481445,0,0,0,256
deep-image-96-angular,ivf_faiss,7.382134210368336,11.548757553100586,4.090070724487305,0.9943399999999932,10,10000,1,7.390751194953919,13.793706893920898,4.090070724487305,0,0,0,224
deep-image-96-angular,ivf_faiss,6.425479018307048,10.132074356079102,3.2050609588623047,0.992529999999991,10,10000,1,6.4355073928833,12.726783752441406,3.2050609588623047,0,0,0,192
deep-image-96-angular,ivf_faiss,5.461304858910743,8.627891540527344,2.957582473754883,0.9901299999999895,10,10000,1,5.4776490211486815,10.753393173217773,2.957582473754883,0,0,0,160
deep-image-96-angular,ivf_faiss,4.969087359317585,7.872819900512695,2.4704933166503906,0.9883299999999877,10,10000,1,4.986441445350647,10.780572891235352,2.4704933166503906,0,0,0,144
deep-image-96-angular,ivf_faiss,4.472322448635274,7.11512565612793,2.287626266479492,0.9859099999999859,10,10000,1,4.491329956054687,9.95492935180664,2.287626266479492,0,0,0,128
deep-image-96-angular,ivf_faiss,3.9649613939150417,6.297588348388672,2.0651817321777344,0.9831999999999843,10,10000,1,3.9917001008987425,9.141921997070312,2.0651817321777344,0,0,0,112
deep-image-96-angular,ivf_faiss,3.439796164752991,5.48100471496582,1.6849040985107422,0.979119999999983,10,10000,1,3.4771270751953125,8.598089218139648,1.6849040985107422,0,0,0,96
deep-image-96-angular,ivf_faiss,2.9202486587723673,4.662513732910156,1.4598369598388672,0.9731999999999803,10,10000,1,2.959670329093933,7.323265075683594,1.4598369598388672,0,0,0,80
deep-image-96-angular,ivf_faiss,2.406544727838258,3.8611888885498047,1.176595687866211,0.9648799999999798,10,10000,1,2.446803832054138,6.667375564575195,1.176595687866211,0,0,0,64
deep-image-96-angular,ivf_faiss,2.143634255544586,3.429412841796875,1.062154769897461,0.9590499999999785,10,10000,1,2.1813228130340576,5.536556243896484,1.062154769897461,0,0,0,56
deep-image-96-angular,ivf_faiss,1.8866404716927978,3.0341148376464844,0.9858608245849609,0.9509599999999772,10,10000,1,1.919707989692688,6.201744079589844,0.9858608245849609,0,0,0,48
deep-image-96-angular,ivf_faiss,1.6145784044766853,2.5832653045654297,0.8368492126464844,0.9402299999999781,10,10000,1,1.6491952657699585,4.743099212646484,0.8368492126464844,0,0,0,40
deep-image-96-angular,ivf_faiss,1.357364786818867,2.1750926971435547,0.6964206695556641,0.9241499999999778,10,10000,1,1.3836033821105957,4.426479339599609,0.6964206695556641,0,0,0,32
deep-image-96-angular,ivf_faiss,1.2214080040463942,1.9550323486328125,0.6248950958251953,0.912929999999979,10,10000,1,1.2468217134475708,4.328012466430664,0.6248950958251953,0,0,0,28
deep-image-96-angular,ivf_faiss,1.1554248339842494,1.842498779296875,0.5905628204345703,0.9059799999999771,10,10000,1,1.178529691696167,4.530906677246094,0.5905628204345703,0,0,0,26
deep-image-96-angular,ivf_faiss,1.0842858243417617,1.718759536743164,0.5943775177001953,0.8984099999999778,10,10000,1,1.1055180072784423,4.652261734008789,0.5943775177001953,0,0,0,24
deep-image-96-angular,ivf_faiss,1.0173912396095002,1.6121864318847656,0.5013942718505859,0.8896499999999793,10,10000,1,1.0393432140350343,4.2781829833984375,0.5013942718505859,0,0,0,22
deep-image-96-angular,ivf_faiss,0.954979631804558,1.5075206756591797,0.5156993865966797,0.8793599999999806,10,10000,1,0.9732238054275513,4.545688629150391,0.5156993865966797,0,0,0,20
deep-image-96-angular,ivf_faiss,0.8845453954393325,1.383066177368164,0.44035911560058594,0.8670699999999815,10,10000,1,0.9024464368820191,4.348516464233398,0.44035911560058594,0,0,0,18
deep-image-96-angular,ivf_faiss,0.8112847283520898,1.2636184692382812,0.41866302490234375,0.8518999999999827,10,10000,1,0.828154182434082,4.03285026550293,0.41866302490234375,0,0,0,16
deep-image-96-angular,ivf_faiss,0.7472999144413645,1.1515617370605469,0.38814544677734375,0.8349399999999834,10,10000,1,0.7611374139785767,4.347801208496094,0.38814544677734375,0,0,0,14
deep-image-96-angular,ivf_faiss,0.6773424598867706,1.0340213775634766,0.37026405334472656,0.8126599999999875,10,10000,1,0.6891905069351196,3.5614967346191406,0.37026405334472656,0,0,0,12
deep-image-96-angular,ivf_faiss,0.6100954052454006,0.9164810180664062,0.3566741943359375,0.7846999999999881,10,10000,1,0.6207973957061768,3.815889358520508,0.3566741943359375,0,0,0,10
deep-image-96-angular,ivf_faiss,0.5360824784429947,0.789642333984375,0.3349781036376953,0.7480099999999928,10,10000,1,0.5468354463577271,3.6776065826416016,0.3349781036376953,0,0,0,8
deep-image-96-angular,ivf_faiss,0.4656852645333043,0.6647109985351562,0.2956390380859375,0.6968499999999932,10,10000,1,0.47276155948638915,3.804922103881836,0.2956390380859375,0,0,0,6
deep-image-96-angular,ivf_faiss,0.39355187001798886,0.5354881286621094,0.2758502960205078,0.6154499999999985,10,10000,1,0.3993373870849609,3.481149673461914,0.2758502960205078,0,0,0,4
deep-image-96-angular,ivf_faiss,0.31861802433092395,0.3986358642578125,0.2541542053222656,0.4665899999999979,10,10000,1,0.3224058151245117,3.382444381713867,0.2541542053222656,0,0,0,2
sift-128-euclidean,ivf_faiss,11.84934358143787,13.738870620727539,10.040998458862305,0.9994499999999987,10,10000,1,11.980892014503478,31.391143798828125,9.08041000366211,0,0,0,512
sift-128-euclidean,ivf_faiss,6.143780901916045,7.773160934448242,4.516124725341797,0.9993699999999986,10,10000,1,6.15380585193634,15.516042709350586,4.447698593139648,0,0,0,256
sift-128-euclidean,ivf_faiss,5.414143654157862,6.970405578613281,3.8080215454101562,0.9992899999999983,10,10000,1,5.423659825325013,14.522552490234375,3.8080215454101562,0,0,0,224
sift-128-euclidean,ivf_faiss,4.681164747346937,6.201028823852539,3.245115280151367,0.9990899999999979,10,10000,1,4.689520835876465,11.5814208984375,3.245115280151367,0,0,0,192
sift-128-euclidean,ivf_faiss,3.938378520922414,5.312204360961914,2.7201175689697266,0.9986299999999972,10,10000,1,3.942537450790405,8.89134407043457,2.7201175689697266,0,0,0,160
sift-128-euclidean,ivf_faiss,3.5654559489746216,4.85682487487793,2.4607181549072266,0.9981699999999967,10,10000,1,3.569912052154541,8.99052619934082,2.4607181549072266,0,0,0,144
sift-128-euclidean,ivf_faiss,3.1936951280596935,4.5318603515625,2.209901809692383,0.9973099999999955,10,10000,1,3.20175461769104,8.634805679321289,2.209901809692383,0,0,0,128
sift-128-euclidean,ivf_faiss,2.8165819747507026,4.047870635986328,1.9075870513916016,0.9962699999999944,10,10000,1,2.824862337112427,9.835243225097656,1.9075870513916016,0,0,0,112
sift-128-euclidean,ivf_faiss,2.4412454977174955,3.5467147827148438,1.6336441040039062,0.9947199999999929,10,10000,1,2.4448729753494263,8.85629653930664,1.6336441040039062,0,0,0,96
sift-128-euclidean,ivf_faiss,2.058034165738485,3.0999183654785156,1.3346672058105469,0.9921099999999902,10,10000,1,2.0613706588745115,6.009817123413086,1.3346672058105469,0,0,0,80
sift-128-euclidean,ivf_faiss,1.6695540539976976,2.544879913330078,1.0449886322021484,0.9871599999999855,10,10000,1,1.6699237823486328,2.6175975799560547,1.0449886322021484,0,0,0,64
sift-128-euclidean,ivf_faiss,1.4774094683848298,2.294301986694336,0.9057521820068359,0.9831799999999826,10,10000,1,1.4812316656112672,5.4454803466796875,0.9057521820068359,0,0,0,56
sift-128-euclidean,ivf_faiss,1.2789519982657243,2.000570297241211,0.7770061492919922,0.9774999999999793,10,10000,1,1.2796459197998047,2.103090286254883,0.7770061492919922,0,0,0,48
sift-128-euclidean,ivf_faiss,1.0839353015075377,1.7142295837402344,0.6346702575683594,0.9688699999999771,10,10000,1,1.088904857635498,5.641937255859375,0.6346702575683594,0,0,0,40
sift-128-euclidean,ivf_faiss,0.8841560245088353,1.4047622680664062,0.5009174346923828,0.9553199999999737,10,10000,1,0.8894264459609985,4.14586067199707,0.5009174346923828,0,0,0,32
sift-128-euclidean,ivf_faiss,0.7812906178648222,1.2400150299072266,0.44918060302734375,0.9456699999999723,10,10000,1,0.7836667537689209,1.4786720275878906,0.44918060302734375,0,0,0,28
sift-128-euclidean,ivf_faiss,0.7307793080782766,1.1608600616455078,0.4100799560546875,0.9391399999999723,10,10000,1,0.7332736492156983,1.3031959533691406,0.4100799560546875,0,0,0,26
sift-128-euclidean,ivf_faiss,0.6807250474174502,1.0802745819091797,0.37932395935058594,0.9318799999999726,10,10000,1,0.683129072189331,1.2831687927246094,0.37932395935058594,0,0,0,24
sift-128-euclidean,ivf_faiss,0.6329083043157561,1.0128021240234375,0.35190582275390625,0.9233699999999717,10,10000,1,0.6380131483078003,3.9632320404052734,0.35190582275390625,0,0,0,22
sift-128-euclidean,ivf_faiss,0.577907958898115,0.9164810180664062,0.3228187561035156,0.9128799999999728,10,10000,1,0.5814465761184693,1.0504722595214844,0.3228187561035156,0,0,0,20
sift-128-euclidean,ivf_faiss,0.5264453077123232,0.8366107940673828,0.28896331787109375,0.9010499999999738,10,10000,1,0.5305734157562256,0.965118408203125,0.28896331787109375,0,0,0,18
sift-128-euclidean,ivf_faiss,0.47473074751621924,0.7565021514892578,0.25177001953125,0.8862599999999756,10,10000,1,0.4799154996871948,0.8699893951416016,0.25177001953125,0,0,0,16
sift-128-euclidean,ivf_faiss,0.4223261210389177,0.6740093231201172,0.2219676971435547,0.8670299999999789,10,10000,1,0.4287466287612915,0.7946491241455078,0.2219676971435547,0,0,0,14
sift-128-euclidean,ivf_faiss,0.3697718652426748,0.5908012390136719,0.18906593322753906,0.8441299999999828,10,10000,1,0.3771350860595703,0.7126331329345703,0.18906593322753906,0,0,0,12
sift-128-euclidean,ivf_faiss,0.3218242149633201,0.5204677581787109,0.1583099365234375,0.8144699999999863,10,10000,1,0.33072082996368407,3.442525863647461,0.1583099365234375,0,0,0,10
sift-128-euclidean,ivf_faiss,0.26629651943645366,0.4246234893798828,0.12278556823730469,0.7751699999999894,10,10000,1,0.2726618766784668,0.5300045013427734,0.12278556823730469,0,0,0,8
sift-128-euclidean,ivf_faiss,0.21459675387830923,0.33855438232421875,0.11134147644042969,0.7183699999999928,10,10000,1,0.219931960105896,0.43463706970214844,0.11134147644042969,0,0,0,6
sift-128-euclidean,ivf_faiss,0.1611043224356565,0.25010108947753906,0.09179115295410156,0.6289799999999971,10,10000,1,0.1658095359802246,0.3447532653808594,0.09179115295410156,0,0,0,4
sift-128-euclidean,ivf_faiss,0.1054828173444501,0.15473365783691406,0.05841255187988281,0.4688799999999993,10,10000,1,0.10865175724029541,0.6875991821289062,0.05841255187988281,0,0,0,2
glove-200-angular,ivf_faiss,74.57964852012613,77.13890075683594,71.98166847229004,0.9997999999999997,10,10000,1,74.9177940607071,127.46977806091309,61.029672622680664,0,0,0,512
glove-200-angular,ivf_faiss,47.013321911000865,51.97405815124512,41.88680648803711,0.9967199999999944,10,10000,1,46.806165766716006,80.55520057678223,24.3377685546875,0,0,0,256
glove-200-angular,ivf_faiss,42.030662652655984,47.04904556274414,36.931753158569336,0.9938299999999912,10,10000,1,41.801726531982425,72.4639892578125,20.667552947998047,0,0,0,224
glove-200-angular,ivf_faiss,36.75056078196726,41.6715145111084,31.78548812866211,0.9875399999999871,10,10000,1,36.5014865398407,61.44857406616211,17.106294631958008,0,0,0,192
glove-200-angular,ivf_faiss,31.169443741899702,35.944223403930664,26.253223419189453,0.9750399999999818,10,10000,1,30.937667059898377,54.42023277282715,14.037847518920898,0,0,0,160
glove-200-angular,ivf_faiss,28.28980169598225,32.798051834106445,23.57316017150879,0.9649699999999808,10,10000,1,28.0457275390625,50.25005340576172,12.618303298950195,0,0,0,144
glove-200-angular,ivf_faiss,25.321824809323306,29.729366302490234,20.712614059448242,0.9493599999999788,10,10000,1,25.094737339019776,47.87755012512207,11.595964431762695,0,0,0,128
glove-200-angular,ivf_faiss,22.293597419254198,26.668787002563477,17.862558364868164,0.9267699999999784,10,10000,1,22.072935009002684,39.23988342285156,9.290218353271484,0,0,0,112
glove-200-angular,ivf_faiss,19.214835962573137,23.392200469970703,14.991044998168945,0.8990099999999788,10,10000,1,19.014863061904908,35.11381149291992,7.705211639404297,0,0,0,96
glove-200-angular,ivf_faiss,16.07410432797061,19.832611083984375,12.130498886108398,0.8602499999999833,10,10000,1,15.898641467094421,30.517578125,6.2007904052734375,0,0,0,80
glove-200-angular,ivf_faiss,12.872038261640785,16.457796096801758,9.221792221069336,0.8126199999999872,10,10000,1,12.72746570110321,26.172876358032227,4.766702651977539,0,0,0,64
glove-200-angular,ivf_faiss,11.267016642374935,14.654874801635742,7.881879806518555,0.7827499999999886,10,10000,1,11.13152220249176,19.86217498779297,3.789186477661133,0,0,0,56
glove-200-angular,ivf_faiss,9.665958766432981,12.78996467590332,6.5174102783203125,0.7470699999999907,10,10000,1,9.544458317756654,21.36540412902832,2.9125213623046875,0,0,0,48
glove-200-angular,ivf_faiss,8.046617322371777,10.845422744750977,5.167484283447266,0.7074299999999933,10,10000,1,7.94371919631958,18.082380294799805,2.1219253540039062,0,0,0,40
glove-200-angular,ivf_faiss,6.442214146219532,8.977413177490234,3.8738250732421875,0.658129999999994,10,10000,1,6.358610153198242,13.84425163269043,1.6226768493652344,0,0,0,32
glove-200-angular,ivf_faiss,5.6374823528360825,7.939577102661133,3.270387649536133,0.6306899999999974,10,10000,1,5.569002437591553,11.034727096557617,1.4045238494873047,0,0,0,28
glove-200-angular,ivf_faiss,5.235919556376108,7.491350173950195,2.961874008178711,0.6137499999999981,10,10000,1,5.171444988250732,12.212276458740234,1.3637542724609375,0,0,0,26
glove-200-angular,ivf_faiss,4.836348875887063,6.942510604858398,2.6798248291015625,0.5970899999999996,10,10000,1,4.780034494400025,10.678529739379883,1.1773109436035156,0,0,0,24
glove-200-angular,ivf_faiss,4.43324661450408,6.4563751220703125,2.370595932006836,0.5802200000000008,10,10000,1,4.383221292495728,9.542703628540039,1.0464191436767578,0,0,0,22
glove-200-angular,ivf_faiss,4.0372092353928695,5.929708480834961,2.114534378051758,0.5628100000000018,10,10000,1,3.987454390525818,9.390592575073242,0.8828639984130859,0,0,0,20
glove-200-angular,ivf_faiss,3.6413081429933145,5.447864532470703,1.821279525756836,0.542910000000001,10,10000,1,3.5984323501586912,9.801864624023438,0.7159709930419922,0,0,0,18
glove-200-angular,ivf_faiss,3.246501525781756,4.898309707641602,1.5707015991210938,0.5241300000000003,10,10000,1,3.2068689346313475,8.944511413574219,0.6346702575683594,0,0,0,16
glove-200-angular,ivf_faiss,2.8481758172422844,4.405498504638672,1.2867450714111328,0.5029799999999994,10,10000,1,2.8172894954681396,8.395671844482422,0.5674362182617188,0,0,0,14
glove-200-angular,ivf_faiss,2.4543703547910978,3.865957260131836,1.0437965393066406,0.4807099999999983,10,10000,1,2.4271034240722655,8.046627044677734,0.4744529724121094,0,0,0,12
glove-200-angular,ivf_faiss,2.05421515880452,3.2863616943359375,0.8285045623779297,0.45658999999999617,10,10000,1,2.037791609764099,6.5860748291015625,0.3724098205566406,0,0,0,10
glove-200-angular,ivf_faiss,1.6570369430838203,2.722024917602539,0.5970001220703125,0.4297199999999943,10,10000,1,1.6486459732055665,4.425287246704102,0.32806396484375,0,0,0,8
glove-200-angular,ivf_faiss,1.2580733005743094,2.1538734436035156,0.3712177276611328,0.40010999999999236,10,10000,1,1.2607231855392456,4.283666610717773,0.21505355834960938,0,0,0,6
glove-200-angular,ivf_faiss,0.8640009307324803,1.5723705291748047,0.1595020294189453,0.356359999999993,10,10000,1,0.8672143459320069,1.7671585083007812,0.14138221740722656,0,0,0,4
glove-200-angular,ivf_faiss,0.4693779902919397,0.9098052978515625,0.09131431579589844,0.2841799999999933,10,10000,1,0.4749275207519531,1.004934310913086,0.09131431579589844,0,0,0,2
msong-420,ivf_faiss,51.77376798370428,67.14415550231934,36.795616149902344,1.0,10,1000,1,52.471258878707886,100.61144828796387,33.36048126220703,0,0,0,512
msong-420,ivf_faiss,26.513015410028785,38.79046440124512,14.652013778686523,0.9999,10,1000,1,26.566457509994507,54.36253547668457,13.67330551147461,0,0,0,256
msong-420,ivf_faiss,23.33690700818546,34.03210639953613,11.729001998901367,0.9999,10,1000,1,23.422810077667236,48.624515533447266,11.729001998901367,0,0,0,224
msong-420,ivf_faiss,20.300108943153266,29.265642166137695,10.048389434814453,0.9999,10,1000,1,20.373155117034912,38.40899467468262,10.048389434814453,0,0,0,192
msong-420,ivf_faiss,17.200702184194082,25.72178840637207,8.528470993041992,0.9997999999999999,10,1000,1,17.211376905441284,27.875423431396484,8.528470993041992,0,0,0,160
msong-420,ivf_faiss,15.590994923680395,23.8955020904541,7.622241973876953,0.9996999999999999,10,1000,1,15.600455522537231,25.051593780517578,7.622241973876953,0,0,0,144
msong-420,ivf_faiss,14.000932136213923,21.840572357177734,6.606340408325195,0.9996999999999999,10,1000,1,14.03968071937561,26.651382446289062,6.606340408325195,0,0,0,128
msong-420,ivf_faiss,12.227126666614124,19.48857307434082,5.548954010009766,0.9996999999999999,10,1000,1,12.235870838165283,20.971298217773438,5.548954010009766,0,0,0,112
msong-420,ivf_faiss,10.714624643325806,16.4642333984375,4.654884338378906,0.9995999999999999,10,1000,1,10.714624643325806,16.4642333984375,4.654884338378906,0,0,0,96
msong-420,ivf_faiss,9.016219095968122,14.472007751464844,3.6215782165527344,0.9993,10,1000,1,9.050620555877686,17.979860305786133,3.6215782165527344,0,0,0,80
msong-420,ivf_faiss,7.322037935256958,11.691093444824219,2.8471946716308594,0.9982999999999997,10,1000,1,7.322037935256958,11.691093444824219,2.8471946716308594,0,0,0,64
msong-420,ivf_faiss,6.491689443588257,9.04703140258789,2.5637149810791016,0.9975999999999996,10,1000,1,6.491689443588257,9.04703140258789,2.5637149810791016,0,0,0,56
msong-420,ivf_faiss,5.655238289154603,9.425878524780273,1.966238021850586,0.9967999999999995,10,1000,1,5.664844274520874,10.809183120727539,1.966238021850586,0,0,0,48
msong-420,ivf_faiss,4.76510928889574,7.844448089599609,1.5039443969726562,0.9949999999999992,10,1000,1,4.784954786300659,12.364387512207031,1.5039443969726562,0,0,0,40
msong-420,ivf_faiss,3.8817719598511355,6.427764892578125,1.0476112365722656,0.9921999999999989,10,1000,1,3.904203176498413,10.915517807006836,1.0476112365722656,0,0,0,32
msong-420,ivf_faiss,3.423596196784474,5.6896209716796875,0.9374618530273438,0.9895999999999987,10,1000,1,3.449418067932129,8.301496505737305,0.9374618530273438,0,0,0,28
msong-420,ivf_faiss,3.131744146347046,5.5141448974609375,0.8640289306640625,0.9874999999999985,10,1000,1,3.131744146347046,5.5141448974609375,0.8640289306640625,0,0,0,26
msong-420,ivf_faiss,2.9323174953460693,4.920721054077148,0.8230209350585938,0.9851999999999987,10,1000,1,2.9323174953460693,4.920721054077148,0.8230209350585938,0,0,0,24
msong-420,ivf_faiss,2.6805763244628906,4.446268081665039,0.7228851318359375,0.9821999999999983,10,1000,1,2.6805763244628906,4.446268081665039,0.7228851318359375,0,0,0,22
msong-420,ivf_faiss,2.465641892350114,4.130125045776367,0.5929470062255859,0.9788999999999979,10,1000,1,2.4679481983184814,4.771947860717773,0.5929470062255859,0,0,0,20
msong-420,ivf_faiss,2.213840961456299,3.7539005279541016,0.5517005920410156,0.9739999999999979,10,1000,1,2.213840961456299,3.7539005279541016,0.5517005920410156,0,0,0,18
msong-420,ivf_faiss,2.032056136977828,3.547191619873047,0.5300045013427734,0.9665999999999976,10,1000,1,2.039609432220459,5.600690841674805,0.5300045013427734,0,0,0,16
msong-420,ivf_faiss,1.7584614753723145,3.002166748046875,0.49614906311035156,0.9575999999999975,10,1000,1,1.7584614753723145,3.002166748046875,0.49614906311035156,0,0,0,14
msong-420,ivf_faiss,1.5303466320037842,2.6712417602539062,0.3867149353027344,0.946699999999997,10,1000,1,1.5303466320037842,2.6712417602539062,0.3867149353027344,0,0,0,12
msong-420,ivf_faiss,1.3006625175476074,2.3429393768310547,0.3635883331298828,0.9309999999999966,10,1000,1,1.3006625175476074,2.3429393768310547,0.3635883331298828,0,0,0,10
msong-420,ivf_faiss,1.066946268081665,1.9199848175048828,0.33473968505859375,0.9039999999999967,10,1000,1,1.066946268081665,1.9199848175048828,0.33473968505859375,0,0,0,8
msong-420,ivf_faiss,0.8304762840270996,1.5573501586914062,0.2682209014892578,0.8609999999999963,10,1000,1,0.8304762840270996,1.5573501586914062,0.2682209014892578,0,0,0,6
msong-420,ivf_faiss,0.5964332209799237,1.0919570922851562,0.1957416534423828,0.7796999999999978,10,1000,1,0.597487211227417,1.130819320678711,0.1957416534423828,0,0,0,4
msong-420,ivf_faiss,0.38092216355745645,0.7326602935791016,0.15807151794433594,0.6083999999999999,10,1000,1,0.40921735763549805,3.625154495239258,0.15807151794433594,0,0,0,2
contriever-768,ivf_faiss,149.51585123975786,160.98976135253906,138.86046409606934,0.9987499999999976,10,10000,1,151.00056717395782,259.232759475708,134.38844680786133,0,0,0,512
contriever-768,ivf_faiss,79.72088202427324,94.69032287597656,65.06538391113281,0.9951899999999938,10,10000,1,79.9257705450058,112.32185363769531,62.69431114196777,0,0,0,256
contriever-768,ivf_faiss,70.11501478906193,85.57558059692383,55.35244941711426,0.9943399999999936,10,10000,1,70.26361627578736,102.56052017211914,54.747581481933594,0,0,0,224
contriever-768,ivf_faiss,60.351642319539984,75.95586776733398,46.852827072143555,0.9932599999999924,10,10000,1,60.44947803020477,84.78069305419922,46.852827072143555,0,0,0,192
contriever-768,ivf_faiss,51.8567187165036,67.26646423339844,39.5503044128418,0.9916299999999912,10,10000,1,51.934673976898196,77.42881774902344,39.5503044128418,0,0,0,160
contriever-768,ivf_faiss,46.75909868148655,61.33270263671875,35.05516052246094,0.9906999999999909,10,10000,1,46.82684371471405,71.92134857177734,35.05516052246094,0,0,0,144
contriever-768,ivf_faiss,40.53161434241287,54.107666015625,30.536413192749023,0.9893999999999904,10,10000,1,40.57324209213257,59.72695350646973,30.536413192749023,0,0,0,128
contriever-768,ivf_faiss,35.342569918939354,48.0649471282959,25.36606788635254,0.9882299999999897,10,10000,1,35.40337727069855,58.8076114654541,25.36606788635254,0,0,0,112
contriever-768,ivf_faiss,30.264548210720324,41.834115982055664,20.992040634155273,0.9865799999999882,10,10000,1,30.309491896629332,53.17854881286621,20.992040634155273,0,0,0,96
contriever-768,ivf_faiss,25.19567173168841,35.23588180541992,17.086267471313477,0.9842299999999863,10,10000,1,25.246086096763612,41.95070266723633,17.086267471313477,0,0,0,80
contriever-768,ivf_faiss,20.156655463228798,28.622150421142578,13.47041130065918,0.980809999999985,10,10000,1,20.24997832775116,38.2084846496582,13.47041130065918,0,0,0,64
contriever-768,ivf_faiss,17.567193227199848,25.119781494140625,11.821746826171875,0.9782199999999837,10,10000,1,17.701603651046753,32.347679138183594,11.821746826171875,0,0,0,56
contriever-768,ivf_faiss,15.00527104765027,21.642684936523438,10.005712509155273,0.9752199999999822,10,10000,1,15.195435619354248,29.409408569335938,10.005712509155273,0,0,0,48
contriever-768,ivf_faiss,12.464108008042912,18.157482147216797,7.835149765014648,0.9710099999999806,10,10000,1,12.707875776290894,25.092363357543945,7.835149765014648,0,0,0,40
contriever-768,ivf_faiss,9.970455513128284,14.718294143676758,6.2885284423828125,0.9645899999999789,10,10000,1,10.22374439239502,23.10013771057129,6.2885284423828125,0,0,0,32
contriever-768,ivf_faiss,8.75815946187933,13.05246353149414,5.39851188659668,0.9604599999999779,10,10000,1,8.981744360923766,22.28093147277832,5.39851188659668,0,0,0,28
contriever-768,ivf_faiss,8.138301599129408,12.190818786621094,5.009174346923828,0.9575999999999767,10,10000,1,8.360334181785584,19.688844680786133,5.009174346923828,0,0,0,26
contriever-768,ivf_faiss,7.544141819655035,11.384725570678711,4.581451416015625,0.9544599999999751,10,10000,1,7.7431232213974,16.310930252075195,4.581451416015625,0,0,0,24
contriever-768,ivf_faiss,6.944978781560706,10.530710220336914,4.059314727783203,0.9505999999999732,10,10000,1,7.128475856781006,15.27857780456543,4.059314727783203,0,0,0,22
contriever-768,ivf_faiss,6.532793345963017,10.012626647949219,3.72314453125,0.9466399999999728,10,10000,1,6.708129835128784,13.963460922241211,3.72314453125,0,0,0,20
contriever-768,ivf_faiss,5.89503504981561,9.144306182861328,3.1914710998535156,0.9416799999999721,10,10000,1,6.0517594575881954,14.234781265258789,3.1914710998535156,0,0,0,18
contriever-768,ivf_faiss,5.2915950321138485,8.296966552734375,2.8076171875,0.9356199999999734,10,10000,1,5.422351598739624,14.265298843383789,2.8076171875,0,0,0,16
contriever-768,ivf_faiss,4.6671590888102275,7.428407669067383,2.564668655395508,0.9277399999999719,10,10000,1,4.783056163787842,12.441873550415039,2.564668655395508,0,0,0,14
contriever-768,ivf_faiss,4.046120476356529,6.514549255371094,2.113819122314453,0.9175099999999735,10,10000,1,4.153040909767151,10.472297668457031,2.113819122314453,0,0,0,12
contriever-768,ivf_faiss,3.423989615827234,5.581140518188477,1.6276836395263672,0.9035599999999733,10,10000,1,3.5139260292053223,9.11092758178711,1.6276836395263672,0,0,0,10
contriever-768,ivf_faiss,2.8017868391405965,4.646062850952148,1.2595653533935547,0.8848899999999731,10,10000,1,2.880354905128479,8.343696594238281,1.2595653533935547,0,0,0,8
contriever-768,ivf_faiss,2.178192434905355,3.676176071166992,0.9260177612304688,0.8571699999999766,10,10000,1,2.2424773454666136,6.80088996887207,0.9260177612304688,0,0,0,6
contriever-768,ivf_faiss,1.5628535824103702,2.6848316192626953,0.5941390991210938,0.8078399999999873,10,10000,1,1.609390664100647,8.161067962646484,0.43773651123046875,0,0,0,4
contriever-768,ivf_faiss,0.9239800859818881,1.5676021575927734,0.31375885009765625,0.6888599999999913,10,10000,1,0.9542807579040528,4.317283630371094,0.31375885009765625,0,0,0,2
instructorxl-arxiv-768,ivf_faiss,127.11569003900223,154.64329719543457,100.5241870880127,0.9996999999999999,10,1000,1,128.8294939994812,243.20626258850098,100.5241870880127,0,0,0,512
instructorxl-arxiv-768,ivf_faiss,61.22786372598976,73.84967803955078,48.83742332458496,0.9972999999999997,10,1000,1,61.14487433433533,76.23028755187988,46.128273010253906,0,0,0,256
instructorxl-arxiv-768,ivf_faiss,53.1979459880454,63.95840644836426,42.17696189880371,0.9965999999999996,10,1000,1,53.161566972732544,66.96820259094238,39.77346420288086,0,0,0,224
instructorxl-arxiv-768,ivf_faiss,47.19774274208285,57.2817325592041,36.56649589538574,0.9959999999999996,10,1000,1,47.105589628219604,59.30805206298828,34.18612480163574,0,0,0,192
instructorxl-arxiv-768,ivf_faiss,39.71502427163163,48.48670959472656,30.63035011291504,0.9947999999999994,10,1000,1,39.63202619552612,49.88241195678711,26.744604110717773,0,0,0,160
instructorxl-arxiv-768,ivf_faiss,35.87047065176615,43.62773895263672,27.727365493774414,0.9937999999999991,10,1000,1,35.81321430206299,45.13430595397949,25.434494018554688,0,0,0,144
instructorxl-arxiv-768,ivf_faiss,31.264447392905254,38.30718994140625,24.05858039855957,0.9928999999999991,10,1000,1,31.205536127090454,39.14642333984375,20.62535285949707,0,0,0,128
instructorxl-arxiv-768,ivf_faiss,28.16728272741798,35.14719009399414,21.233797073364258,0.991399999999999,10,1000,1,28.127731800079346,38.25020790100098,18.279552459716797,0,0,0,112
instructorxl-arxiv-768,ivf_faiss,24.351489073827608,30.19571304321289,18.140792846679688,0.9880999999999985,10,1000,1,24.31980848312378,34.3317985534668,16.83664321899414,0,0,0,96
instructorxl-arxiv-768,ivf_faiss,20.53154130837113,26.1232852935791,14.908313751220703,0.9849999999999983,10,1000,1,20.504369020462036,28.769493103027344,13.309478759765625,0,0,0,80
instructorxl-arxiv-768,ivf_faiss,16.603712628527386,21.266937255859375,11.998653411865234,0.980599999999998,10,1000,1,16.61678385734558,22.825241088867188,10.482549667358398,0,0,0,64
instructorxl-arxiv-768,ivf_faiss,14.30174553430773,18.251657485961914,10.34998893737793,0.9774999999999979,10,1000,1,14.285557270050049,20.45917510986328,9.095430374145508,0,0,0,56
instructorxl-arxiv-768,ivf_faiss,12.662511032947865,16.253948211669922,9.068489074707031,0.9721999999999971,10,1000,1,12.68869948387146,19.17243003845215,8.162975311279297,0,0,0,48
instructorxl-arxiv-768,ivf_faiss,10.458850521382278,13.679742813110352,7.249116897583008,0.9667999999999969,10,1000,1,10.458527088165283,16.184091567993164,6.227254867553711,0,0,0,40
instructorxl-arxiv-768,ivf_faiss,8.71293049480182,11.566877365112305,5.9947967529296875,0.9569999999999962,10,1000,1,8.721642017364502,12.742280960083008,5.182504653930664,0,0,0,32
instructorxl-arxiv-768,ivf_faiss,7.6811798219758325,10.25247573852539,5.065441131591797,0.9467999999999965,10,1000,1,7.701357126235962,12.003421783447266,4.544734954833984,0,0,0,28
instructorxl-arxiv-768,ivf_faiss,7.211051820739498,9.655475616455078,4.7512054443359375,0.9427999999999963,10,1000,1,7.2136619091033936,10.749101638793945,4.316568374633789,0,0,0,26
instructorxl-arxiv-768,ivf_faiss,6.728864920259726,9.218215942382812,4.236459732055664,0.9377999999999963,10,1000,1,6.741976737976074,10.120630264282227,3.949880599975586,0,0,0,24
instructorxl-arxiv-768,ivf_faiss,6.1901137459241875,8.428096771240234,3.966093063354492,0.9322999999999961,10,1000,1,6.212692737579346,10.60938835144043,3.8285255432128906,0,0,0,22
instructorxl-arxiv-768,ivf_faiss,5.652051107946578,7.770061492919922,3.6127567291259766,0.9260999999999957,10,1000,1,5.671123504638672,9.396791458129883,3.082752227783203,0,0,0,20
instructorxl-arxiv-768,ivf_faiss,5.139377945703818,7.147312164306641,3.2205581665039062,0.9189999999999963,10,1000,1,5.153601169586182,8.945703506469727,2.6934146881103516,0,0,0,18
instructorxl-arxiv-768,ivf_faiss,4.527552889895464,6.280660629272461,2.8960704803466797,0.9085999999999964,10,1000,1,4.558036804199219,8.350133895874023,2.431631088256836,0,0,0,16
instructorxl-arxiv-768,ivf_faiss,4.036806012859364,5.5141448974609375,2.5177001953125,0.8964999999999966,10,1000,1,4.055430889129639,7.0323944091796875,2.1839141845703125,0,0,0,14
instructorxl-arxiv-768,ivf_faiss,3.629164151892885,5.052089691162109,2.2478103637695312,0.8835999999999968,10,1000,1,3.643531560897827,6.7291259765625,1.9004344940185547,0,0,0,12
instructorxl-arxiv-768,ivf_faiss,3.105161380182746,4.39453125,1.8088817596435547,0.8674999999999967,10,1000,1,3.1316652297973633,6.908655166625977,1.6868114471435547,0,0,0,10
instructorxl-arxiv-768,ivf_faiss,2.579778493791514,3.706693649291992,1.5149116516113281,0.8423999999999973,10,1000,1,2.6142051219940186,6.026983261108398,1.3277530670166016,0,0,0,8
instructorxl-arxiv-768,ivf_faiss,2.04030992568954,2.9382705688476562,1.1496543884277344,0.8015999999999983,10,1000,1,2.0805158615112305,4.7397613525390625,1.1496543884277344,0,0,0,6
instructorxl-arxiv-768,ivf_faiss,1.5183261549242395,2.224445343017578,0.8311271667480469,0.7388999999999983,10,1000,1,1.5347108840942383,3.262758255004883,0.8311271667480469,0,0,0,4
instructorxl-arxiv-768,ivf_faiss,0.9791075581251972,1.4255046844482422,0.5841255187988281,0.6029999999999991,10,1000,1,0.9843249320983887,1.6021728515625,0.5841255187988281,0,0,0,2
gist-960-euclidean,ivf_faiss,131.71218850054746,167.4795150756836,96.09460830688477,0.9992999999999999,10,1000,1,131.85068726539612,212.12315559387207,81.09641075134277,0,0,0,512
gist-960-euclidean,ivf_faiss,68.35416308173899,89.35308456420898,45.20058631896973,0.9981999999999998,10,1000,1,67.64171767234802,89.35308456420898,35.13073921203613,0,0,0,256
gist-960-euclidean,ivf_faiss,60.47625693921326,79.22005653381348,39.815425872802734,0.9972999999999996,10,1000,1,59.8715763092041,85.59942245483398,27.916669845581055,0,0,0,224
gist-960-euclidean,ivf_faiss,52.53841402104748,71.93255424499512,31.964778900146484,0.9953999999999994,10,1000,1,51.99950838088989,73.96888732910156,22.93682098388672,0,0,0,192
gist-960-euclidean,ivf_faiss,43.05207864664902,58.4254264831543,25.72464942932129,0.9913999999999988,10,1000,1,42.587384939193726,64.47839736938477,17.547130584716797,0,0,0,160
gist-960-euclidean,ivf_faiss,40.21153810809239,56.00333213806152,22.993803024291992,0.9884999999999984,10,1000,1,39.774686098098755,56.00333213806152,15.755891799926758,0,0,0,144
gist-960-euclidean,ivf_faiss,35.92863916619424,51.35321617126465,20.162343978881836,0.9844999999999979,10,1000,1,35.522892475128174,51.35321617126465,13.930082321166992,0,0,0,128
gist-960-euclidean,ivf_faiss,30.625085762845792,44.434309005737305,15.992879867553711,0.9787999999999976,10,1000,1,30.360058784484863,44.434309005737305,11.906147003173828,0,0,0,112
gist-960-euclidean,ivf_faiss,27.290339155245555,39.891958236694336,13.78011703491211,0.9715999999999969,10,1000,1,27.06152057647705,39.891958236694336,9.944915771484375,0,0,0,96
gist-960-euclidean,ivf_faiss,22.97523469489238,34.82794761657715,10.678768157958984,0.9604999999999962,10,1000,1,22.777162790298462,34.82794761657715,7.765531539916992,0,0,0,80
gist-960-euclidean,ivf_faiss,18.64521247655274,29.45399284362793,8.054971694946289,0.9441999999999956,10,1000,1,18.53126096725464,32.36031532287598,5.626678466796875,0,0,0,64
gist-960-euclidean,ivf_faiss,15.834332957412258,24.888277053833008,6.310462951660156,0.9332999999999958,10,1000,1,15.772617101669312,25.906801223754883,4.600286483764648,0,0,0,56
gist-960-euclidean,ivf_faiss,14.094673187626519,22.201061248779297,5.810260772705078,0.9167999999999954,10,1000,1,14.040616750717163,23.69403839111328,3.7658214569091797,0,0,0,48
gist-960-euclidean,ivf_faiss,11.768079379674655,19.384384155273438,4.309177398681641,0.897199999999995,10,1000,1,11.770171165466309,21.094560623168945,3.444671630859375,0,0,0,40
gist-960-euclidean,ivf_faiss,9.554965842154719,15.816688537597656,3.331422805786133,0.8667999999999962,10,1000,1,9.584803819656372,17.98224449157715,2.5396347045898438,0,0,0,32
gist-960-euclidean,ivf_faiss,8.087769871757876,13.39864730834961,2.8176307678222656,0.843799999999997,10,1000,1,8.09945821762085,13.93580436706543,2.327442169189453,0,0,0,28
gist-960-euclidean,ivf_faiss,7.52903242421344,12.632369995117188,2.484560012817383,0.8309999999999974,10,1000,1,7.575606107711792,14.804840087890625,1.7719268798828125,0,0,0,26
gist-960-euclidean,ivf_faiss,7.01407421895159,11.626958847045898,2.283811569213867,0.8172999999999971,10,1000,1,7.057272434234619,14.454126358032227,1.645803451538086,0,0,0,24
gist-960-euclidean,ivf_faiss,6.4973016297841415,10.787487030029297,2.0761489868164062,0.8019999999999976,10,1000,1,6.52822470664978,12.766122817993164,1.6095638275146484,0,0,0,22
gist-960-euclidean,ivf_faiss,5.882625783569088,9.694337844848633,1.9783973693847656,0.786499999999998,10,1000,1,5.89799165725708,11.655092239379883,1.4963150024414062,0,0,0,20
gist-960-euclidean,ivf_faiss,5.325257232448698,8.941650390625,1.5480518341064453,0.762699999999999,10,1000,1,5.348891496658325,10.984420776367188,1.3103485107421875,0,0,0,18
gist-960-euclidean,ivf_faiss,4.809556618714944,7.956027984619141,1.5637874603271484,0.7379999999999995,10,1000,1,4.842027425765991,9.916305541992188,1.0800361633300781,0,0,0,16
gist-960-euclidean,ivf_faiss,4.210644189337196,7.094621658325195,1.2497901916503906,0.7083999999999996,10,1000,1,4.260137557983398,8.517265319824219,0.9729862213134766,0,0,0,14
gist-960-euclidean,ivf_faiss,3.663005779698952,6.231069564819336,1.1086463928222656,0.6774999999999995,10,1000,1,3.709069013595581,7.799863815307617,0.7796287536621094,0,0,0,12
gist-960-euclidean,ivf_faiss,3.045632690191269,5.166053771972656,0.9760856628417969,0.6384999999999992,10,1000,1,3.109598159790039,6.82520866394043,0.6453990936279297,0,0,0,10
gist-960-euclidean,ivf_faiss,2.5267573751183905,4.320859909057617,0.8153915405273438,0.584599999999999,10,1000,1,2.581679105758667,6.326198577880859,0.5929470062255859,0,0,0,8
gist-960-euclidean,ivf_faiss,1.9467662624906354,3.307342529296875,0.61798095703125,0.5205999999999997,10,1000,1,1.9887852668762207,4.864931106567383,0.4506111145019531,0,0,0,6
gist-960-euclidean,ivf_faiss,1.3980358777839301,2.399444580078125,0.42366981506347656,0.4290999999999999,10,1000,1,1.4314463138580322,3.1440258026123047,0.42366981506347656,0,0,0,4
gist-960-euclidean,ivf_faiss,0.8636905142098419,1.445770263671875,0.3859996795654297,0.29529999999999906,10,1000,1,0.891038179397583,3.4537315368652344,0.3859996795654297,0,0,0,2
openai-1536-angular,ivf_faiss,145.46664034326872,172.23644256591797,126.53207778930664,0.9938999999999993,10,1000,1,147.38409066200256,297.7144718170166,126.53207778930664,0,0,0,512
openai-1536-angular,ivf_faiss,72.5242659205296,81.01272583007812,64.37921524047852,0.9841999999999982,10,1000,1,72.71308851242065,89.94936943054199,61.13409996032715,0,0,0,256
openai-1536-angular,ivf_faiss,63.59161681065987,71.66647911071777,55.99045753479004,0.9815999999999981,10,1000,1,63.852516889572144,79.13589477539062,54.69179153442383,0,0,0,224
openai-1536-angular,ivf_faiss,53.04995013947849,60.13345718383789,46.19765281677246,0.9785999999999977,10,1000,1,53.2623085975647,66.74957275390625,44.5554256439209,0,0,0,192
openai-1536-angular,ivf_faiss,45.96634111443504,52.91128158569336,39.27731513977051,0.9744999999999977,10,1000,1,46.15097713470459,58.68196487426758,37.15777397155762,0,0,0,160
openai-1536-angular,ivf_faiss,41.35928863134139,47.339439392089844,35.16578674316406,0.9708999999999975,10,1000,1,41.491939067840576,55.727481842041016,34.6221923828125,0,0,0,144
openai-1536-angular,ivf_faiss,36.901159276747755,43.03169250488281,30.758142471313477,0.9668999999999975,10,1000,1,37.04631781578064,45.77994346618652,28.965473175048828,0,0,0,128
openai-1536-angular,ivf_faiss,31.405536505952092,36.71002388000488,26.30472183227539,0.9629999999999975,10,1000,1,31.542291164398193,41.42880439758301,24.43408966064453,0,0,0,112
openai-1536-angular,ivf_faiss,27.94269379418808,33.36620330810547,22.849559783935547,0.957299999999997,10,1000,1,28.06252646446228,37.728309631347656,22.072553634643555,0,0,0,96
openai-1536-angular,ivf_faiss,23.48703206678029,28.46074104309082,18.89491081237793,0.9501999999999972,10,1000,1,23.586234092712402,31.67247772216797,18.570423126220703,0,0,0,80
openai-1536-angular,ivf_faiss,19.00376391604664,23.351192474365234,15.05279541015625,0.9393999999999966,10,1000,1,19.095075845718384,26.782989501953125,15.05279541015625,0,0,0,64
openai-1536-angular,ivf_faiss,16.769320947938308,20.735502243041992,13.147592544555664,0.9339999999999962,10,1000,1,16.806025743484497,22.840023040771484,12.66336441040039,0,0,0,56
openai-1536-angular,ivf_faiss,14.531457726725467,18.254995346069336,10.945796966552734,0.9256999999999964,10,1000,1,14.601019620895386,21.378755569458008,10.945796966552734,0,0,0,48
openai-1536-angular,ivf_faiss,12.234731044208871,15.578031539916992,9.135246276855469,0.9147999999999962,10,1000,1,12.282247543334961,16.781091690063477,9.135246276855469,0,0,0,40
openai-1536-angular,ivf_faiss,10.028749583703787,13.100385665893555,6.992578506469727,0.9030999999999966,10,1000,1,10.07624077796936,15.780925750732422,6.992578506469727,0,0,0,32
openai-1536-angular,ivf_faiss,8.913149304938099,11.724710464477539,6.198883056640625,0.8930999999999968,10,1000,1,8.97710108757019,14.639616012573242,6.198883056640625,0,0,0,28
openai-1536-angular,ivf_faiss,8.302607598994209,10.993719100952148,5.730152130126953,0.887899999999997,10,1000,1,8.3326096534729,13.227462768554688,5.450248718261719,0,0,0,26
openai-1536-angular,ivf_faiss,7.780735012004199,10.332822799682617,5.330801010131836,0.882999999999997,10,1000,1,7.811611175537109,12.420177459716797,5.0029754638671875,0,0,0,24
openai-1536-angular,ivf_faiss,7.193244879530692,9.488105773925781,4.930734634399414,0.8768999999999973,10,1000,1,7.240620136260986,11.232137680053711,4.515171051025391,0,0,0,22
openai-1536-angular,ivf_faiss,6.609114490076519,8.966922760009766,4.319667816162109,0.8704999999999975,10,1000,1,6.666327476501465,11.797666549682617,4.191398620605469,0,0,0,20
openai-1536-angular,ivf_faiss,5.968797182500484,7.895231246948242,4.0569305419921875,0.8634999999999974,10,1000,1,6.006061553955078,9.295225143432617,3.6520957946777344,0,0,0,18
openai-1536-angular,ivf_faiss,5.456166721293235,7.460355758666992,3.539562225341797,0.8545999999999976,10,1000,1,5.503749370574951,9.59920883178711,3.098726272583008,0,0,0,16
openai-1536-angular,ivf_faiss,4.872175939418866,6.672143936157227,3.058195114135742,0.8429999999999974,10,1000,1,4.901336431503296,8.958101272583008,2.9451847076416016,0,0,0,14
openai-1536-angular,ivf_faiss,4.236460463400999,5.874156951904297,2.652883529663086,0.8335999999999977,10,1000,1,4.280136346817017,7.73930549621582,2.5017261505126953,0,0,0,12
openai-1536-angular,ivf_faiss,3.6635525501785047,5.1708221435546875,2.2063255310058594,0.8168999999999971,10,1000,1,3.7005856037139893,7.012128829956055,2.130746841430664,0,0,0,10
openai-1536-angular,ivf_faiss,3.0686947953237835,4.376888275146484,1.8129348754882812,0.798499999999998,10,1000,1,3.1055471897125244,6.484270095825195,1.7740726470947266,0,0,0,8
openai-1536-angular,ivf_faiss,2.48105094917461,3.661632537841797,1.375436782836914,0.7685999999999975,10,1000,1,2.5174965858459473,6.803750991821289,1.375436782836914,0,0,0,6
openai-1536-angular,ivf_faiss,1.8813551985067765,2.811908721923828,1.088857650756836,0.7204999999999971,10,1000,1,1.899000644683838,3.5104751586914062,1.088857650756836,0,0,0,4
openai-1536-angular,ivf_faiss,1.2836260636164425,1.9104480743408203,0.7631778717041016,0.6326999999999983,10,1000,1,1.2977838516235352,4.021406173706055,0.7631778717041016,0,0,0,2
