dataset,algorithm,avg,max,min,recall,ivf_nprobe,epsilon,knn,n_queries,selectivity,num_measure_runs,avg_all,max_all,min_all
nytimes-16-angular,pdx-bond-dz,0.970975,1.12301,0.813194,0.9908,512,0,10,10000,0.2,1,0.9556,1.272,0.4929
nytimes-16-angular,pdx-bond-dz,0.526221,0.565502,0.484884,0.9908,256,0,10,10000,0.2,1,0.5199,0.7238,0.2612
nytimes-16-angular,pdx-bond-dz,0.465163,0.497728,0.431048,0.99079,224,0,10,10000,0.2,1,0.46,0.6451,0.2302
nytimes-16-angular,pdx-bond-dz,0.404639,0.432551,0.375659,0.99078,192,0,10,10000,0.2,1,0.4008,1.25,0.2021
nytimes-16-angular,pdx-bond-dz,0.341763,0.365782,0.317155,0.99066,160,0,10,10000,0.2,1,0.3389,0.5207,0.1699
nytimes-16-angular,pdx-bond-dz,0.310482,0.332543,0.287856,0.990501,144,0,10,10000,0.2,1,0.3081,0.485,0.1553
nytimes-16-angular,pdx-bond-dz,0.278558,0.298681,0.257966,0.990321,128,0,10,10000,0.2,1,0.2765,0.4512,0.1388
nytimes-16-angular,pdx-bond-dz,0.245916,0.264017,0.227383,0.989761,112,0,10,10000,0.2,1,0.2442,0.4325,0.1218
nytimes-16-angular,pdx-bond-dz,0.213735,0.230369,0.196987,0.988531,96,0,10,10000,0.2,1,0.2125,0.4008,0.1063
nytimes-16-angular,pdx-bond-dz,0.180839,0.195956,0.165503,0.986071,80,0,10,10000,0.2,1,0.1799,0.3613,0.08989
nytimes-16-angular,pdx-bond-dz,0.14696,0.159849,0.134093,0.98113,64,0,10,10000,0.2,1,0.1462,0.3273,0.07265
nytimes-16-angular,pdx-bond-dz,0.130048,0.141821,0.118115,0.975979,56,0,10,10000,0.2,1,0.1294,0.309,0.06477
nytimes-16-angular,pdx-bond-dz,0.112545,0.12326,0.101786,0.968308,48,0,10,10000,0.2,1,0.112,0.278,0.0557
nytimes-16-angular,pdx-bond-dz,0.0950558,0.104725,0.085267,0.955994,40,0,10,10000,0.2,1,0.09462,0.2778,0.0472
nytimes-16-angular,pdx-bond-dz,0.0774513,0.085706,0.069148,0.935979,32,0,10,10000,0.2,1,0.07712,0.2491,0.03858
nytimes-16-angular,pdx-bond-dz,0.0687863,0.07645,0.061118,0.920769,28,0,10,10000,0.2,1,0.06851,0.1195,0.03447
nytimes-16-angular,pdx-bond-dz,0.0646286,0.071994,0.057218,0.912257,26,0,10,10000,0.2,1,0.06439,0.243,0.03263
nytimes-16-angular,pdx-bond-dz,0.0601492,0.067219,0.053044,0.901704,24,0,10,10000,0.2,1,0.05991,0.2429,0.03068
nytimes-16-angular,pdx-bond-dz,0.0556234,0.062209,0.049025,0.889322,22,0,10,10000,0.2,1,0.05541,0.2283,0.02764
nytimes-16-angular,pdx-bond-dz,0.0512997,0.057547,0.04499,0.875251,20,0,10,10000,0.2,1,0.05112,0.0981,0.02582
nytimes-16-angular,pdx-bond-dz,0.0465936,0.052422,0.04074,0.857889,18,0,10,10000,0.2,1,0.04644,0.2309,0.02328
nytimes-16-angular,pdx-bond-dz,0.042186,0.047613,0.036693,0.837998,16,0,10,10000,0.2,1,0.04205,0.2194,0.02102
nytimes-16-angular,pdx-bond-dz,0.0378108,0.042878,0.032759,0.81363,14,0,10,10000,0.2,1,0.03777,0.2161,0.01956
nytimes-16-angular,pdx-bond-dz,0.033276,0.037861,0.028625,0.784166,12,0,10,10000,0.2,1,0.03317,0.0709,0.01728
nytimes-16-angular,pdx-bond-dz,0.028636,0.032818,0.024477,0.745899,10,0,10,10000,0.2,1,0.02855,0.2028,0.01447
nytimes-16-angular,pdx-bond-dz,0.0239914,0.027728,0.020232,0.697304,8,0,10,10000,0.2,1,0.02393,0.04453,0.01238
nytimes-16-angular,pdx-bond-dz,0.0193183,0.022465,0.016117,0.634836,6,0,10,10000,0.2,1,0.01929,0.1932,0.01011
nytimes-16-angular,pdx-bond-dz,0.0144429,0.016976,0.011879,0.545226,4,0,10,10000,0.2,1,0.01442,0.0325,0.007677
nytimes-16-angular,pdx-bond-dz,0.00929458,0.011123,0.007465,0.403381,2,0,10,10000,0.2,1,0.009311,0.0258,0.004874
glove-50-angular,pdx-bond-dz,6.40275,9.10845,3.69414,0.99919,512,0,10,10000,0.2,1,6.352,10.61,1.993
glove-50-angular,pdx-bond-dz,3.57993,5.13057,2.03004,0.994479,256,0,10,10000,0.2,1,3.551,6.464,1.205
glove-50-angular,pdx-bond-dz,3.1479,4.51851,1.77561,0.992779,224,0,10,10000,0.2,1,3.126,5.885,1.059
glove-50-angular,pdx-bond-dz,2.75185,3.97339,1.53418,0.990429,192,0,10,10000,0.2,1,2.733,5.576,0.8996
glove-50-angular,pdx-bond-dz,2.34456,3.38887,1.29803,0.986559,160,0,10,10000,0.2,1,2.33,4.909,0.7447
glove-50-angular,pdx-bond-dz,2.13057,3.09569,1.17255,0.983838,144,0,10,10000,0.2,1,2.119,4.448,0.6862
glove-50-angular,pdx-bond-dz,1.91012,2.78433,1.04012,0.980698,128,0,10,10000,0.2,1,1.901,4.672,0.5947
glove-50-angular,pdx-bond-dz,1.69207,2.48163,0.909748,0.976507,112,0,10,10000,0.2,1,1.685,4.132,0.5266
glove-50-angular,pdx-bond-dz,1.47014,2.16167,0.780923,0.970757,96,0,10,10000,0.2,1,1.465,3.667,0.4439
glove-50-angular,pdx-bond-dz,1.26473,1.90644,0.630725,0.963266,80,0,10,10000,0.2,1,1.288,14.86,0.3866
glove-50-angular,pdx-bond-dz,1.01874,1.5169,0.52264,0.952186,64,0,10,10000,0.2,1,1.015,3.362,0.3062
glove-50-angular,pdx-bond-dz,0.899355,1.34815,0.450978,0.944856,56,0,10,10000,0.2,1,0.8975,3.367,0.2726
glove-50-angular,pdx-bond-dz,0.782022,1.17487,0.385155,0.935515,48,0,10,10000,0.2,1,0.7807,3.273,0.2415
glove-50-angular,pdx-bond-dz,0.662717,1.00988,0.316933,0.922805,40,0,10,10000,0.2,1,0.6618,2.965,0.196
glove-50-angular,pdx-bond-dz,0.546693,0.845994,0.249233,0.905775,32,0,10,10000,0.2,1,0.5463,0.9225,0.1626
glove-50-angular,pdx-bond-dz,0.486343,0.756298,0.219003,0.894673,28,0,10,10000,0.2,1,0.4861,0.8171,0.1503
glove-50-angular,pdx-bond-dz,0.455426,0.708663,0.203097,0.887793,26,0,10,10000,0.2,1,0.4555,2.564,0.1437
glove-50-angular,pdx-bond-dz,0.42453,0.666149,0.184672,0.879821,24,0,10,10000,0.2,1,0.4247,2.879,0.1379
glove-50-angular,pdx-bond-dz,0.393072,0.619162,0.168015,0.871011,22,0,10,10000,0.2,1,0.3933,2.625,0.125
glove-50-angular,pdx-bond-dz,0.361202,0.57233,0.150235,0.86036,20,0,10,10000,0.2,1,0.3615,2.562,0.1122
glove-50-angular,pdx-bond-dz,0.329206,0.523997,0.135309,0.848839,18,0,10,10000,0.2,1,0.3294,0.5766,0.1075
glove-50-angular,pdx-bond-dz,0.297589,0.478453,0.116778,0.835358,16,0,10,10000,0.2,1,0.298,0.5173,0.09822
glove-50-angular,pdx-bond-dz,0.265203,0.427695,0.103207,0.819517,14,0,10,10000,0.2,1,0.2657,0.4876,0.08871
glove-50-angular,pdx-bond-dz,0.231343,0.377085,0.086667,0.799488,12,0,10,10000,0.2,1,0.2318,0.4125,0.07445
glove-50-angular,pdx-bond-dz,0.198825,0.327348,0.075796,0.774549,10,0,10,10000,0.2,1,0.1993,0.3637,0.06321
glove-50-angular,pdx-bond-dz,0.16505,0.274034,0.059086,0.741322,8,0,10,10000,0.2,1,0.1656,0.2984,0.05097
glove-50-angular,pdx-bond-dz,0.130552,0.220842,0.040537,0.696274,6,0,10,10000,0.2,1,0.1312,0.2564,0.04054
glove-50-angular,pdx-bond-dz,0.0937047,0.161187,0.027618,0.626568,4,0,10,10000,0.2,1,0.09425,0.2017,0.02762
glove-50-angular,pdx-bond-dz,0.0556967,0.097996,0.019807,0.495162,2,0,10,10000,0.2,1,0.05644,0.1277,0.01981
deep-image-96-angular,pdx-bond-dz,8.37938,13.7727,3.14095,0.99875,512,0,10,10000,0.2,1,8.478,26.02,1.28
deep-image-96-angular,pdx-bond-dz,4.82051,7.83574,1.84803,0.99564,256,0,10,10000,0.2,1,4.89,21.19,0.7776
deep-image-96-angular,pdx-bond-dz,4.32884,7.01488,1.64679,0.99435,224,0,10,10000,0.2,1,4.363,20.14,0.7109
deep-image-96-angular,pdx-bond-dz,3.86693,6.27094,1.46999,0.99254,192,0,10,10000,0.2,1,3.888,19.26,0.6488
deep-image-96-angular,pdx-bond-dz,3.32296,5.39405,1.255,0.990139,160,0,10,10000,0.2,1,3.344,18.22,0.5876
deep-image-96-angular,pdx-bond-dz,3.06455,4.96034,1.15926,0.988339,144,0,10,10000,0.2,1,3.077,18.68,0.5447
deep-image-96-angular,pdx-bond-dz,2.80486,4.53977,1.0767,0.98592,128,0,10,10000,0.2,1,2.818,18.01,0.5171
deep-image-96-angular,pdx-bond-dz,2.53508,4.09287,0.968014,0.98321,112,0,10,10000,0.2,1,2.548,17.06,0.4831
deep-image-96-angular,pdx-bond-dz,2.24151,3.61108,0.876943,0.979129,96,0,10,10000,0.2,1,2.257,17.13,0.4599
deep-image-96-angular,pdx-bond-dz,1.95169,3.12583,0.7769,0.973208,80,0,10,10000,0.2,1,1.97,17.28,0.4204
deep-image-96-angular,pdx-bond-dz,1.65099,2.62651,0.673852,0.964888,64,0,10,10000,0.2,1,1.67,15.92,0.3904
deep-image-96-angular,pdx-bond-dz,1.49726,2.37763,0.612602,0.959057,56,0,10,10000,0.2,1,1.516,15.83,0.3662
deep-image-96-angular,pdx-bond-dz,1.33957,2.11382,0.559852,0.950966,48,0,10,10000,0.2,1,1.359,15.89,0.348
deep-image-96-angular,pdx-bond-dz,1.17718,1.84168,0.508736,0.940235,40,0,10,10000,0.2,1,1.196,15.69,0.3321
deep-image-96-angular,pdx-bond-dz,1.00975,1.56657,0.451134,0.924155,32,0,10,10000,0.2,1,1.026,15.35,0.3135
deep-image-96-angular,pdx-bond-dz,0.922289,1.42179,0.421467,0.912933,28,0,10,10000,0.2,1,0.939,15.04,0.3041
deep-image-96-angular,pdx-bond-dz,0.878447,1.34793,0.407913,0.905983,26,0,10,10000,0.2,1,0.8951,15.27,0.3043
deep-image-96-angular,pdx-bond-dz,0.8344,1.27663,0.390432,0.898412,24,0,10,10000,0.2,1,0.8502,14.91,0.2979
deep-image-96-angular,pdx-bond-dz,0.789576,1.20393,0.373365,0.889653,22,0,10,10000,0.2,1,0.8053,15.22,0.2939
deep-image-96-angular,pdx-bond-dz,0.743749,1.12591,0.35924,0.879361,20,0,10,10000,0.2,1,0.7571,14.85,0.2899
deep-image-96-angular,pdx-bond-dz,0.69788,1.05054,0.344306,0.86707,18,0,10,10000,0.2,1,0.7103,14.72,0.2844
deep-image-96-angular,pdx-bond-dz,0.650695,0.970193,0.329674,0.8519,16,0,10,10000,0.2,1,0.6629,14.73,0.2799
deep-image-96-angular,pdx-bond-dz,0.603442,0.896157,0.312041,0.834939,14,0,10,10000,0.2,1,0.6148,14.68,0.2777
deep-image-96-angular,pdx-bond-dz,0.554489,0.812486,0.297422,0.812658,12,0,10,10000,0.2,1,0.5656,14.81,0.2726
deep-image-96-angular,pdx-bond-dz,0.504658,0.728084,0.284962,0.784699,10,0,10,10000,0.2,1,0.5137,14.52,0.2653
deep-image-96-angular,pdx-bond-dz,0.45337,0.641543,0.26355,0.74801,8,0,10,10000,0.2,1,0.4616,14.39,0.2617
deep-image-96-angular,pdx-bond-dz,0.399377,0.54627,0.256068,0.696853,6,0,10,10000,0.2,1,0.4071,14.57,0.2561
deep-image-96-angular,pdx-bond-dz,0.344057,0.452764,0.247073,0.615455,4,0,10,10000,0.2,1,0.3502,14.26,0.2471
deep-image-96-angular,pdx-bond-dz,0.284297,0.348488,0.230955,0.466601,2,0,10,10000,0.2,1,0.2877,11.19,0.231
sift-128-euclidean,pdx-bond-dz,6.76247,10.9486,2.66946,0.99938,512,0,10,10000,0.2,1,6.731,13.17,0.9805
sift-128-euclidean,pdx-bond-dz,3.94464,6.09667,1.8019,0.9993,256,0,10,10000,0.2,1,3.927,8.747,0.6701
sift-128-euclidean,pdx-bond-dz,3.52542,5.36687,1.66133,0.99922,224,0,10,10000,0.2,1,3.509,8.203,0.6293
sift-128-euclidean,pdx-bond-dz,3.13169,4.73187,1.53441,0.99902,192,0,10,10000,0.2,1,3.113,7.75,0.5826
sift-128-euclidean,pdx-bond-dz,2.69175,4.04668,1.34962,0.99856,160,0,10,10000,0.2,1,2.677,6.856,0.5481
sift-128-euclidean,pdx-bond-dz,2.44101,3.64466,1.24837,0.9981,144,0,10,10000,0.2,1,2.429,6.939,0.5155
sift-128-euclidean,pdx-bond-dz,2.21911,3.30353,1.14357,0.99725,128,0,10,10000,0.2,1,2.209,7.07,0.4826
sift-128-euclidean,pdx-bond-dz,1.97826,2.93631,1.02743,0.996221,112,0,10,10000,0.2,1,1.971,6.395,0.4538
sift-128-euclidean,pdx-bond-dz,1.74514,2.58393,0.912278,0.99466,96,0,10,10000,0.2,1,1.741,5.668,0.422
sift-128-euclidean,pdx-bond-dz,1.48635,2.20801,0.770287,0.99205,80,0,10,10000,0.2,1,1.487,5.863,0.3926
sift-128-euclidean,pdx-bond-dz,1.22945,1.83706,0.628763,0.987069,64,0,10,10000,0.2,1,1.234,5.196,0.3215
sift-128-euclidean,pdx-bond-dz,1.10093,1.6509,0.554326,0.98311,56,0,10,10000,0.2,1,1.107,4.904,0.2888
sift-128-euclidean,pdx-bond-dz,0.964466,1.44405,0.485546,0.977429,48,0,10,10000,0.2,1,0.9711,4.764,0.2616
sift-128-euclidean,pdx-bond-dz,0.827681,1.24721,0.412458,0.96884,40,0,10,10000,0.2,1,0.8347,4.512,0.2344
sift-128-euclidean,pdx-bond-dz,0.691099,1.04331,0.341607,0.955307,32,0,10,10000,0.2,1,0.6988,4.461,0.2108
sift-128-euclidean,pdx-bond-dz,0.620409,0.937142,0.306335,0.945665,28,0,10,10000,0.2,1,0.6285,4.512,0.1935
sift-128-euclidean,pdx-bond-dz,0.579962,0.87725,0.284898,0.939125,26,0,10,10000,0.2,1,0.5875,4.455,0.1761
sift-128-euclidean,pdx-bond-dz,0.541747,0.821624,0.262956,0.931854,24,0,10,10000,0.2,1,0.5494,4.192,0.1674
sift-128-euclidean,pdx-bond-dz,0.504375,0.76363,0.245646,0.923313,22,0,10,10000,0.2,1,0.5117,4.171,0.1677
sift-128-euclidean,pdx-bond-dz,0.467324,0.708233,0.228431,0.912832,20,0,10,10000,0.2,1,0.4744,4.145,0.1592
sift-128-euclidean,pdx-bond-dz,0.429681,0.653276,0.20821,0.901011,18,0,10,10000,0.2,1,0.4369,4.081,0.1535
sift-128-euclidean,pdx-bond-dz,0.391434,0.595541,0.186917,0.88622,16,0,10,10000,0.2,1,0.3983,4.084,0.148
sift-128-euclidean,pdx-bond-dz,0.352396,0.537377,0.170288,0.867007,14,0,10,10000,0.2,1,0.359,3.924,0.1351
sift-128-euclidean,pdx-bond-dz,0.314982,0.47966,0.149755,0.844117,12,0,10,10000,0.2,1,0.3214,3.844,0.1242
sift-128-euclidean,pdx-bond-dz,0.274386,0.41733,0.131006,0.814457,10,0,10,10000,0.2,1,0.2799,3.816,0.1206
sift-128-euclidean,pdx-bond-dz,0.23271,0.352484,0.116744,0.775169,8,0,10,10000,0.2,1,0.2378,3.811,0.1072
sift-128-euclidean,pdx-bond-dz,0.188539,0.285553,0.09182,0.718362,6,0,10,10000,0.2,1,0.1931,3.687,0.09182
sift-128-euclidean,pdx-bond-dz,0.143534,0.217291,0.081028,0.628976,4,0,10,10000,0.2,1,0.1476,3.637,0.08103
sift-128-euclidean,pdx-bond-dz,0.0927411,0.137272,0.053201,0.46888,2,0,10,10000,0.2,1,0.09589,3.611,0.04653
glove-200-angular,pdx-bond-dz,51.7938,66.4883,35.8926,0.9998,512,0,10,10000,0.2,1,50.75,70.73,2.805
glove-200-angular,pdx-bond-dz,33.937,44.3464,23.2815,0.99672,256,0,10,10000,0.2,1,33.24,48.91,1.724
glove-200-angular,pdx-bond-dz,30.5265,39.8819,20.9628,0.99383,224,0,10,10000,0.2,1,29.96,48.36,1.562
glove-200-angular,pdx-bond-dz,27.1442,35.3644,18.5769,0.987539,192,0,10,10000,0.2,1,26.56,40.41,1.456
glove-200-angular,pdx-bond-dz,23.0779,30.2219,15.691,0.975039,160,0,10,10000,0.2,1,22.58,34.57,1.297
glove-200-angular,pdx-bond-dz,21.0519,27.6934,14.2527,0.964968,144,0,10,10000,0.2,1,20.59,32.2,1.251
glove-200-angular,pdx-bond-dz,18.9621,25.0289,12.7991,0.949357,128,0,10,10000,0.2,1,18.54,30.04,1.172
glove-200-angular,pdx-bond-dz,16.8169,22.3015,11.2054,0.926765,112,0,10,10000,0.2,1,16.45,26.46,1.12
glove-200-angular,pdx-bond-dz,14.4704,19.267,9.54497,0.899003,96,0,10,10000,0.2,1,14.14,23.08,1.004
glove-200-angular,pdx-bond-dz,12.1874,16.4203,7.81548,0.860241,80,0,10,10000,0.2,1,11.92,20.91,0.9157
glove-200-angular,pdx-bond-dz,9.89445,13.5108,6.12028,0.812609,64,0,10,10000,0.2,1,9.691,18.63,0.8185
glove-200-angular,pdx-bond-dz,8.73481,12.1093,5.28373,0.782741,56,0,10,10000,0.2,1,8.561,17.11,0.7686
glove-200-angular,pdx-bond-dz,7.51133,10.5497,4.41028,0.747061,48,0,10,10000,0.2,1,7.362,15.65,0.7319
glove-200-angular,pdx-bond-dz,6.31083,9.02792,3.55467,0.707422,40,0,10,10000,0.2,1,6.193,13.52,0.6747
glove-200-angular,pdx-bond-dz,5.10711,7.47264,2.69961,0.658126,32,0,10,10000,0.2,1,5.021,12.62,0.5964
glove-200-angular,pdx-bond-dz,4.49761,6.71218,2.27154,0.630687,28,0,10,10000,0.2,1,4.431,12.31,0.5565
glove-200-angular,pdx-bond-dz,4.19354,6.25291,2.06536,0.613748,26,0,10,10000,0.2,1,4.134,11.89,0.4757
glove-200-angular,pdx-bond-dz,3.88715,5.90601,1.84844,0.597088,24,0,10,10000,0.2,1,3.835,8.312,0.454
glove-200-angular,pdx-bond-dz,3.58469,5.45663,1.66425,0.580219,22,0,10,10000,0.2,1,3.538,8.335,0.4238
glove-200-angular,pdx-bond-dz,3.28098,5.06774,1.46688,0.56281,20,0,10,10000,0.2,1,3.241,11.07,0.3788
glove-200-angular,pdx-bond-dz,2.97863,4.64755,1.29623,0.54291,18,0,10,10000,0.2,1,2.943,9.849,0.3282
glove-200-angular,pdx-bond-dz,2.68636,4.25071,1.11716,0.524131,16,0,10,10000,0.2,1,2.658,9.6,0.2818
glove-200-angular,pdx-bond-dz,2.3836,3.83274,0.931617,0.502981,14,0,10,10000,0.2,1,2.359,9.609,0.2711
glove-200-angular,pdx-bond-dz,2.05381,3.35459,0.756574,0.480712,12,0,10,10000,0.2,1,2.037,7.944,0.2382
glove-200-angular,pdx-bond-dz,1.73698,2.88303,0.597306,0.456592,10,0,10,10000,0.2,1,1.728,8.368,0.2133
glove-200-angular,pdx-bond-dz,1.4192,2.40647,0.435099,0.429722,8,0,10,10000,0.2,1,1.417,8.83,0.2113
glove-200-angular,pdx-bond-dz,1.09946,1.91627,0.280861,0.400113,6,0,10,10000,0.2,1,1.102,8.12,0.1716
glove-200-angular,pdx-bond-dz,0.774631,1.41178,0.146869,0.356362,4,0,10,10000,0.2,1,0.7803,7.501,0.1469
glove-200-angular,pdx-bond-dz,0.439486,0.843119,0.094465,0.284181,2,0,10,10000,0.2,1,0.4463,7.106,0.09446
msong-420,pdx-bond-dz,11.7197,29.3352,1.77362,1,512,0,10,1000,0.2,1,12.02,40.19,1.774
msong-420,pdx-bond-dz,8.32407,21.3852,0.900538,0.9999,256,0,10,1000,0.2,1,8.496,27.71,0.9005
msong-420,pdx-bond-dz,7.77871,19.9145,0.783899,0.9999,224,0,10,1000,0.2,1,7.905,28.42,0.7839
msong-420,pdx-bond-dz,7.13334,18.3857,0.702291,0.9999,192,0,10,1000,0.2,1,7.281,27.51,0.7023
msong-420,pdx-bond-dz,6.41234,16.3571,0.600612,0.9998,160,0,10,1000,0.2,1,6.533,24.24,0.6006
msong-420,pdx-bond-dz,5.98361,15.742,0.568814,0.9997,144,0,10,1000,0.2,1,6.139,22.78,0.5688
msong-420,pdx-bond-dz,5.57716,14.4428,0.511382,0.9997,128,0,10,1000,0.2,1,5.73,21.97,0.5114
msong-420,pdx-bond-dz,5.1319,12.0607,0.460866,0.9997,112,0,10,1000,0.2,1,5.27,21.74,0.4609
msong-420,pdx-bond-dz,4.71682,11.008,0.424667,0.9996,96,0,10,1000,0.2,1,4.765,19.7,0.4247
msong-420,pdx-bond-dz,4.20626,9.55947,0.386005,0.9993,80,0,10,1000,0.2,1,4.24,18.43,0.386
msong-420,pdx-bond-dz,3.63454,7.60052,0.337841,0.9983,64,0,10,1000,0.2,1,3.674,18.82,0.3378
msong-420,pdx-bond-dz,3.30705,7.19095,0.314989,0.9976,56,0,10,1000,0.2,1,3.342,16.25,0.315
msong-420,pdx-bond-dz,2.98575,6.26855,0.295396,0.9968,48,0,10,1000,0.2,1,3.01,15.18,0.2954
msong-420,pdx-bond-dz,2.64199,5.35643,0.272632,0.995,40,0,10,1000,0.2,1,2.665,15.19,0.2726
msong-420,pdx-bond-dz,2.27152,4.45029,0.26653,0.9922,32,0,10,1000,0.2,1,2.294,14.27,0.2665
msong-420,pdx-bond-dz,2.0702,4.05412,0.249146,0.989601,28,0,10,1000,0.2,1,2.092,14.33,0.2491
msong-420,pdx-bond-dz,1.9677,3.74924,0.23867,0.987501,26,0,10,1000,0.2,1,1.99,13.43,0.2387
msong-420,pdx-bond-dz,1.86242,3.60752,0.23845,0.985201,24,0,10,1000,0.2,1,1.872,11.83,0.2384
msong-420,pdx-bond-dz,1.74868,3.40267,0.231754,0.982201,22,0,10,1000,0.2,1,1.771,13.81,0.2318
msong-420,pdx-bond-dz,1.64086,3.26104,0.223021,0.978901,20,0,10,1000,0.2,1,1.651,11.86,0.223
msong-420,pdx-bond-dz,1.53044,3.03827,0.222389,0.974001,18,0,10,1000,0.2,1,1.542,13.38,0.2224
msong-420,pdx-bond-dz,1.40447,2.72918,0.219142,0.966601,16,0,10,1000,0.2,1,1.416,12.81,0.2191
msong-420,pdx-bond-dz,1.2796,2.44965,0.219367,0.957601,14,0,10,1000,0.2,1,1.29,12.18,0.2194
msong-420,pdx-bond-dz,1.14784,2.24216,0.204339,0.946701,12,0,10,1000,0.2,1,1.158,11.75,0.2043
msong-420,pdx-bond-dz,1.00884,2.03841,0.197057,0.931001,10,0,10,1000,0.2,1,1.02,11.68,0.1971
msong-420,pdx-bond-dz,0.862168,1.73113,0.196574,0.904001,8,0,10,1000,0.2,1,0.8631,1.77,0.1966
msong-420,pdx-bond-dz,0.703906,1.34458,0.18834,0.861,6,0,10,1000,0.2,1,0.7046,1.399,0.1883
msong-420,pdx-bond-dz,0.536044,1.00601,0.173524,0.7797,4,0,10,1000,0.2,1,0.536,1.006,0.1735
msong-420,pdx-bond-dz,0.354754,0.60332,0.162861,0.6084,2,0,10,1000,0.2,1,0.3673,11.03,0.1629
contriever-768,pdx-bond-dz,116.14,147.211,84.7427,0.99865,512,0,10,10000,0.2,1,115.6,158.1,33.78
contriever-768,pdx-bond-dz,62.8299,83.3075,42.336,0.9951,256,0,10,10000,0.2,1,62.77,94.04,19.25
contriever-768,pdx-bond-dz,55.364,74.5345,36.2289,0.99425,224,0,10,10000,0.2,1,55.32,82.71,17.12
contriever-768,pdx-bond-dz,47.7161,65.2291,30.2757,0.99317,192,0,10,10000,0.2,1,47.71,75.49,14.83
contriever-768,pdx-bond-dz,40.076,55.4504,24.5707,0.99154,160,0,10,10000,0.2,1,40.1,66.15,12.59
contriever-768,pdx-bond-dz,36.264,50.6516,21.7544,0.990609,144,0,10,10000,0.2,1,36.29,63.94,11.53
contriever-768,pdx-bond-dz,32.3401,45.6336,18.8323,0.989309,128,0,10,10000,0.2,1,32.39,56.8,10.42
contriever-768,pdx-bond-dz,28.3811,40.2964,16.4032,0.988139,112,0,10,10000,0.2,1,28.47,53.09,9.058
contriever-768,pdx-bond-dz,24.3928,34.9848,13.6947,0.986489,96,0,10,10000,0.2,1,24.54,49.6,7.894
contriever-768,pdx-bond-dz,20.4346,29.5733,11.3569,0.984149,80,0,10,10000,0.2,1,20.66,43.4,6.85
contriever-768,pdx-bond-dz,16.3956,24.0189,9.13827,0.980739,64,0,10,10000,0.2,1,16.66,38.08,5.558
contriever-768,pdx-bond-dz,14.3918,21.2661,7.58334,0.978149,56,0,10,10000,0.2,1,14.67,38.44,5.158
contriever-768,pdx-bond-dz,12.4885,18.5553,6.61116,0.975159,48,0,10,10000,0.2,1,12.8,29.3,4.64
contriever-768,pdx-bond-dz,10.4831,15.6922,5.59125,0.970948,40,0,10,10000,0.2,1,10.79,29.65,4.088
contriever-768,pdx-bond-dz,8.42565,12.7129,4.45479,0.964538,32,0,10,10000,0.2,1,8.707,28,3.41
contriever-768,pdx-bond-dz,7.46453,11.3137,3.80659,0.960407,28,0,10,10000,0.2,1,7.737,25.04,3.126
contriever-768,pdx-bond-dz,6.97545,10.6187,3.47066,0.957557,26,0,10,10000,0.2,1,7.226,27.57,2.916
contriever-768,pdx-bond-dz,6.44233,9.87741,3.07609,0.954416,24,0,10,10000,0.2,1,6.669,21.54,2.758
contriever-768,pdx-bond-dz,5.95237,9.18196,2.91081,0.950556,22,0,10,10000,0.2,1,6.156,22.9,2.565
contriever-768,pdx-bond-dz,5.48917,8.53072,2.46229,0.946596,20,0,10,10000,0.2,1,5.673,22.01,2.409
contriever-768,pdx-bond-dz,4.96202,7.78856,2.2157,0.941635,18,0,10,10000,0.2,1,5.13,21.66,2.216
contriever-768,pdx-bond-dz,4.48825,7.10655,1.9991,0.935574,16,0,10,10000,0.2,1,4.643,20.92,1.999
contriever-768,pdx-bond-dz,3.98653,6.36642,1.82209,0.927693,14,0,10,10000,0.2,1,4.117,20.54,1.822
contriever-768,pdx-bond-dz,3.49265,5.6043,1.58517,0.917461,12,0,10,10000,0.2,1,3.613,19.01,1.585
contriever-768,pdx-bond-dz,2.95958,4.80321,1.34379,0.903521,10,0,10,10000,0.2,1,3.062,19.6,1.344
contriever-768,pdx-bond-dz,2.44897,4.0181,1.07988,0.884859,8,0,10,10000,0.2,1,2.534,17.74,1.08
contriever-768,pdx-bond-dz,1.93336,3.21375,0.816363,0.857138,6,0,10,10000,0.2,1,2.001,16.75,0.8164
contriever-768,pdx-bond-dz,1.41697,2.38327,0.571958,0.807806,4,0,10,10000,0.2,1,1.466,15.92,0.4074
contriever-768,pdx-bond-dz,0.866775,1.46768,0.294372,0.688843,2,0,10,10000,0.2,1,0.898,14.86,0.2944
instructorxl-arxiv-768,pdx-bond-dz,74.8585,112.756,38.1193,0.9997,512,0,10,1000,0.2,1,74.85,121.6,15.24
instructorxl-arxiv-768,pdx-bond-dz,41.5568,65.6175,19.4416,0.9973,256,0,10,1000,0.2,1,41.68,69.36,7.726
instructorxl-arxiv-768,pdx-bond-dz,36.9796,57.2232,17.505,0.9966,224,0,10,1000,0.2,1,37.02,64.18,6.684
instructorxl-arxiv-768,pdx-bond-dz,32.0587,49.4784,15.3634,0.996,192,0,10,1000,0.2,1,32.1,55.68,5.807
instructorxl-arxiv-768,pdx-bond-dz,27.5244,39.1478,12.9378,0.9948,160,0,10,1000,0.2,1,27.6,47.41,4.9
instructorxl-arxiv-768,pdx-bond-dz,24.9725,37.8223,11.6418,0.9938,144,0,10,1000,0.2,1,25.01,48.63,4.397
instructorxl-arxiv-768,pdx-bond-dz,22.4974,33.2059,11.9315,0.992901,128,0,10,1000,0.2,1,22.59,43.61,4.037
instructorxl-arxiv-768,pdx-bond-dz,19.9939,30.8386,10.6539,0.991401,112,0,10,1000,0.2,1,20.05,39.46,3.561
instructorxl-arxiv-768,pdx-bond-dz,17.4176,26.1577,9.23091,0.988101,96,0,10,1000,0.2,1,17.48,37.26,3.098
instructorxl-arxiv-768,pdx-bond-dz,14.9366,21.8263,7.93535,0.985001,80,0,10,1000,0.2,1,14.99,32.17,2.67
instructorxl-arxiv-768,pdx-bond-dz,12.273,18.2809,6.65615,0.980601,64,0,10,1000,0.2,1,12.32,29.53,2.272
instructorxl-arxiv-768,pdx-bond-dz,10.8577,15.6088,5.94063,0.977501,56,0,10,1000,0.2,1,10.89,25.49,2.071
instructorxl-arxiv-768,pdx-bond-dz,9.51003,13.3469,5.2342,0.972201,48,0,10,1000,0.2,1,9.539,24.91,1.856
instructorxl-arxiv-768,pdx-bond-dz,8.21767,11.6825,4.55035,0.966801,40,0,10,1000,0.2,1,8.237,24.46,1.694
instructorxl-arxiv-768,pdx-bond-dz,6.79764,9.65695,3.70437,0.957001,32,0,10,1000,0.2,1,6.827,23.57,1.414
instructorxl-arxiv-768,pdx-bond-dz,6.03669,8.86224,3.28031,0.946801,28,0,10,1000,0.2,1,6.057,20.1,1.277
instructorxl-arxiv-768,pdx-bond-dz,5.66506,8.18025,3.10918,0.942801,26,0,10,1000,0.2,1,5.702,20.49,1.213
instructorxl-arxiv-768,pdx-bond-dz,5.29415,7.70272,3.00482,0.937801,24,0,10,1000,0.2,1,5.324,20.93,1.167
instructorxl-arxiv-768,pdx-bond-dz,4.94054,7.20313,2.86391,0.932301,22,0,10,1000,0.2,1,4.949,19.87,1.087
instructorxl-arxiv-768,pdx-bond-dz,4.55836,6.62237,2.59892,0.926101,20,0,10,1000,0.2,1,4.573,18.55,1.021
instructorxl-arxiv-768,pdx-bond-dz,4.2195,6.11159,2.32733,0.919001,18,0,10,1000,0.2,1,4.243,19.16,0.9835
instructorxl-arxiv-768,pdx-bond-dz,3.84031,5.55037,2.21166,0.908601,16,0,10,1000,0.2,1,3.858,18.51,0.9505
instructorxl-arxiv-768,pdx-bond-dz,3.46011,4.99675,1.99374,0.8965,14,0,10,1000,0.2,1,3.489,17.51,0.9074
instructorxl-arxiv-768,pdx-bond-dz,3.06818,4.39096,1.72395,0.8836,12,0,10,1000,0.2,1,3.085,17.64,0.8596
instructorxl-arxiv-768,pdx-bond-dz,2.65044,3.83121,1.49962,0.867501,10,0,10,1000,0.2,1,2.655,5.978,0.8024
instructorxl-arxiv-768,pdx-bond-dz,2.25548,3.264,1.21485,0.8424,8,0,10,1000,0.2,1,2.271,16.58,0.7842
instructorxl-arxiv-768,pdx-bond-dz,1.84465,2.66238,1.05832,0.801601,6,0,10,1000,0.2,1,1.847,2.914,0.7254
instructorxl-arxiv-768,pdx-bond-dz,1.39324,2.0096,0.779533,0.7389,4,0,10,1000,0.2,1,1.417,16.37,0.7098
instructorxl-arxiv-768,pdx-bond-dz,0.935667,1.36529,0.562046,0.602999,2,0,10,1000,0.2,1,0.9543,14.56,0.562
gist-960-euclidean,pdx-bond-dz,88.3765,132.604,32.608,0.9993,512,0,10,1000,0.2,1,85.39,132.6,3.025
gist-960-euclidean,pdx-bond-dz,51.9163,83.5977,19.6283,0.9983,256,0,10,1000,0.2,1,50.44,83.6,1.731
gist-960-euclidean,pdx-bond-dz,46.6515,72.7933,17.271,0.9974,224,0,10,1000,0.2,1,45.57,77.89,1.599
gist-960-euclidean,pdx-bond-dz,40.9572,66.0666,14.9231,0.9955,192,0,10,1000,0.2,1,40.14,68.79,1.41
gist-960-euclidean,pdx-bond-dz,34.7145,56.5027,13.1977,0.9915,160,0,10,1000,0.2,1,34.04,62.2,1.268
gist-960-euclidean,pdx-bond-dz,31.6222,51.4506,11.5527,0.988601,144,0,10,1000,0.2,1,31.11,57.65,1.137
gist-960-euclidean,pdx-bond-dz,28.6803,46.9314,10.6109,0.984601,128,0,10,1000,0.2,1,28.2,53.15,1.055
gist-960-euclidean,pdx-bond-dz,25.7051,41.6811,9.55322,0.978901,112,0,10,1000,0.2,1,25.32,49.49,0.9556
gist-960-euclidean,pdx-bond-dz,22.4018,35.8539,7.88484,0.971701,96,0,10,1000,0.2,1,22.07,44.12,0.8762
gist-960-euclidean,pdx-bond-dz,18.9922,29.8199,6.59013,0.960601,80,0,10,1000,0.2,1,18.74,39.92,0.7878
gist-960-euclidean,pdx-bond-dz,15.5371,24.6217,5.31736,0.944301,64,0,10,1000,0.2,1,15.34,33.26,0.7188
gist-960-euclidean,pdx-bond-dz,13.9465,22.7299,4.68098,0.933401,56,0,10,1000,0.2,1,13.79,32.37,0.6685
gist-960-euclidean,pdx-bond-dz,12.018,19.2827,4.05722,0.916801,48,0,10,1000,0.2,1,11.91,27.15,0.6138
gist-960-euclidean,pdx-bond-dz,10.2387,17.1721,3.23314,0.897201,40,0,10,1000,0.2,1,10.14,26.39,0.5773
gist-960-euclidean,pdx-bond-dz,8.50461,14.0348,2.63644,0.866901,32,0,10,1000,0.2,1,8.44,21.92,0.5197
gist-960-euclidean,pdx-bond-dz,7.54929,12.5626,2.39489,0.843901,28,0,10,1000,0.2,1,7.497,18.22,0.495
gist-960-euclidean,pdx-bond-dz,6.96155,11.433,2.22567,0.8311,26,0,10,1000,0.2,1,6.941,20.3,0.4794
gist-960-euclidean,pdx-bond-dz,6.48412,10.6063,2.01583,0.8174,24,0,10,1000,0.2,1,6.486,20.39,0.4683
gist-960-euclidean,pdx-bond-dz,6.08396,10.1294,1.91211,0.8021,22,0,10,1000,0.2,1,6.08,21.13,0.4611
gist-960-euclidean,pdx-bond-dz,5.59016,9.34381,1.76772,0.7866,20,0,10,1000,0.2,1,5.589,19.89,0.4487
gist-960-euclidean,pdx-bond-dz,5.08972,8.61325,1.50652,0.7627,18,0,10,1000,0.2,1,5.095,18.16,0.4256
gist-960-euclidean,pdx-bond-dz,4.58672,7.82791,1.233,0.738,16,0,10,1000,0.2,1,4.609,17.74,0.4169
gist-960-euclidean,pdx-bond-dz,4.06382,6.91962,1.13354,0.7084,14,0,10,1000,0.2,1,4.1,19.9,0.4047
gist-960-euclidean,pdx-bond-dz,3.51568,6.06892,0.987582,0.6775,12,0,10,1000,0.2,1,3.544,18.27,0.4033
gist-960-euclidean,pdx-bond-dz,3.01541,5.21615,0.813127,0.6385,10,0,10,1000,0.2,1,3.046,17.03,0.3888
gist-960-euclidean,pdx-bond-dz,2.50694,4.41396,0.703713,0.5846,8,0,10,1000,0.2,1,2.538,17.83,0.3793
gist-960-euclidean,pdx-bond-dz,1.98034,3.41116,0.554483,0.5206,6,0,10,1000,0.2,1,1.997,3.778,0.3893
gist-960-euclidean,pdx-bond-dz,1.44378,2.44425,0.49461,0.4291,4,0,10,1000,0.2,1,1.462,3.08,0.3842
gist-960-euclidean,pdx-bond-dz,0.890158,1.48486,0.37388,0.2953,2,0,10,1000,0.2,1,0.9095,2.083,0.3739
openai-1536-angular,pdx-bond-dz,83.1456,116.12,49.2393,0.9939,512,0,10,1000,0.2,1,81.94,123.6,15.36
openai-1536-angular,pdx-bond-dz,45.0464,64.0527,25.852,0.984201,256,0,10,1000,0.2,1,44.56,73.35,8.952
openai-1536-angular,pdx-bond-dz,39.5917,55.7804,22.6576,0.981601,224,0,10,1000,0.2,1,39.21,66.79,7.871
openai-1536-angular,pdx-bond-dz,34.8522,48.9103,19.8297,0.978601,192,0,10,1000,0.2,1,34.48,57.14,6.779
openai-1536-angular,pdx-bond-dz,29.5223,42.6755,16.5037,0.974501,160,0,10,1000,0.2,1,29.28,53.91,5.839
openai-1536-angular,pdx-bond-dz,26.894,38.4223,15.3362,0.970901,144,0,10,1000,0.2,1,26.71,50.37,5.411
openai-1536-angular,pdx-bond-dz,23.9415,33.7914,13.7267,0.966901,128,0,10,1000,0.2,1,23.79,41.72,4.89
openai-1536-angular,pdx-bond-dz,21.4971,30.698,12.3505,0.963001,112,0,10,1000,0.2,1,21.34,41.02,4.531
openai-1536-angular,pdx-bond-dz,18.5767,26.2657,10.6624,0.957301,96,0,10,1000,0.2,1,18.45,38.65,4.052
openai-1536-angular,pdx-bond-dz,15.8517,22.7871,8.94395,0.950201,80,0,10,1000,0.2,1,15.77,36.19,3.595
openai-1536-angular,pdx-bond-dz,13.0265,18.8994,7.26688,0.939401,64,0,10,1000,0.2,1,12.96,29.66,3.014
openai-1536-angular,pdx-bond-dz,11.6037,16.8944,6.33701,0.934001,56,0,10,1000,0.2,1,11.55,28.18,2.64
openai-1536-angular,pdx-bond-dz,10.1756,14.9938,5.36803,0.925701,48,0,10,1000,0.2,1,10.16,27.2,2.353
openai-1536-angular,pdx-bond-dz,8.74591,12.8792,4.65313,0.914801,40,0,10,1000,0.2,1,8.731,23.92,2.109
openai-1536-angular,pdx-bond-dz,7.28037,10.7015,3.93579,0.903101,32,0,10,1000,0.2,1,7.272,22.77,1.763
openai-1536-angular,pdx-bond-dz,6.57,9.56147,3.56354,0.893101,28,0,10,1000,0.2,1,6.572,22.42,1.679
openai-1536-angular,pdx-bond-dz,6.22705,9.02645,3.42068,0.887901,26,0,10,1000,0.2,1,6.219,21.35,1.585
openai-1536-angular,pdx-bond-dz,5.83454,8.47999,3.12093,0.883001,24,0,10,1000,0.2,1,5.833,20.67,1.488
openai-1536-angular,pdx-bond-dz,5.4384,7.93293,2.83719,0.876901,22,0,10,1000,0.2,1,5.447,21.36,1.418
openai-1536-angular,pdx-bond-dz,5.01504,7.44449,2.61608,0.870501,20,0,10,1000,0.2,1,5.016,20.59,1.368
openai-1536-angular,pdx-bond-dz,4.60342,6.77493,2.43515,0.863501,18,0,10,1000,0.2,1,4.603,19.12,1.285
openai-1536-angular,pdx-bond-dz,4.20552,6.11664,2.22435,0.854601,16,0,10,1000,0.2,1,4.217,19,1.227
openai-1536-angular,pdx-bond-dz,3.80822,5.59939,2.04332,0.843001,14,0,10,1000,0.2,1,3.82,18.69,1.197
openai-1536-angular,pdx-bond-dz,3.3935,4.94339,1.77108,0.833601,12,0,10,1000,0.2,1,3.399,19.47,1.144
openai-1536-angular,pdx-bond-dz,2.96671,4.36924,1.59923,0.816901,10,0,10,1000,0.2,1,2.994,18.63,1.085
openai-1536-angular,pdx-bond-dz,2.55068,3.72804,1.35847,0.798501,8,0,10,1000,0.2,1,2.56,17.5,1.001
openai-1536-angular,pdx-bond-dz,2.11204,3.09794,1.13712,0.7686,6,0,10,1000,0.2,1,2.138,17.08,0.9029
openai-1536-angular,pdx-bond-dz,1.64047,2.41447,0.887939,0.7205,4,0,10,1000,0.2,1,1.665,15.84,0.822
openai-1536-angular,pdx-bond-dz,1.14951,1.7323,0.667003,0.6327,2,0,10,1000,0.2,1,1.172,16.54,0.667
